PDF Template ID	PDF Template Name	HAS DOC ID?
7adc930f-9ffb-4be4-80f7-2d08d23fcf40	CCA_SUPD_TMR	YES
7adc930f-9ffb-4be4-80f7-2d08d23fcf40	CCA_SUPD_TMR	YES
52a5797f-c925-4d1e-86a8-b9f16aa58dba	CL_HRHC_BCBSVT	YES
52a5797f-c925-4d1e-86a8-b9f16aa58dba	CL_HRHC_BCBSVT	YES
48199c1a-f78b-4ef0-8192-8c322772d1de	Centene Medicaid Prescriber Address Page 2025 (Multiple SubOrg / Standard Font)	YES
48199c1a-f78b-4ef0-8192-8c322772d1de	Centene Medicaid Prescriber Address Page 2025 (Multiple SubOrg / Standard Font)	YES
b02633e7-3f34-4cd6-bf34-9b9ec71ec49a	Centene Blank Member Safe Disposal List 2025 (Multiple SubOrg / Standard Font)	YES
b02633e7-3f34-4cd6-bf34-9b9ec71ec49a	Centene Blank Member Safe Disposal List 2025 (Multiple SubOrg / Standard Font)	YES
b02633e7-3f34-4cd6-bf34-9b9ec71ec49a	Centene Blank Member Safe Disposal List 2025 (Multiple SubOrg / Standard Font)	YES
b02633e7-3f34-4cd6-bf34-9b9ec71ec49a	Centene Blank Member Safe Disposal List 2025 (Multiple SubOrg / Standard Font)	YES
c3a4d96d-6598-4595-a6e7-92e81af1bc09	Centene Medicaid FL & FL CMS Member Personal Medication List 2025 (Standard Font)	YES
1760e185-73de-4416-9a46-79f2c3d7a2a8	Centene Medicaid KS Member Cover Letter 2025 (Standard Font)	YES
1760e185-73de-4416-9a46-79f2c3d7a2a8	Centene Medicaid KS Member Cover Letter 2025 (Standard Font)	YES
1760e185-73de-4416-9a46-79f2c3d7a2a8	Centene Medicaid KS Member Cover Letter 2025 (Standard Font)	YES
1760e185-73de-4416-9a46-79f2c3d7a2a8	Centene Medicaid KS Member Cover Letter 2025 (Standard Font)	YES
1760e185-73de-4416-9a46-79f2c3d7a2a8	Centene Medicaid KS Member Cover Letter 2025 (Standard Font)	YES
1760e185-73de-4416-9a46-79f2c3d7a2a8	Centene Medicaid KS Member Cover Letter 2025 (Standard Font)	YES
1760e185-73de-4416-9a46-79f2c3d7a2a8	Centene Medicaid KS Member Cover Letter 2025 (Standard Font)	YES
1760e185-73de-4416-9a46-79f2c3d7a2a8	Centene Medicaid KS Member Cover Letter 2025 (Standard Font)	YES
1760e185-73de-4416-9a46-79f2c3d7a2a8	Centene Medicaid KS Member Cover Letter 2025 (Standard Font)	YES
1760e185-73de-4416-9a46-79f2c3d7a2a8	Centene Medicaid KS Member Cover Letter 2025 (Standard Font)	YES
1760e185-73de-4416-9a46-79f2c3d7a2a8	Centene Medicaid KS Member Cover Letter 2025 (Standard Font)	YES
1760e185-73de-4416-9a46-79f2c3d7a2a8	Centene Medicaid KS Member Cover Letter 2025 (Standard Font)	YES
1760e185-73de-4416-9a46-79f2c3d7a2a8	Centene Medicaid KS Member Cover Letter 2025 (Standard Font)	YES
1760e185-73de-4416-9a46-79f2c3d7a2a8	Centene Medicaid KS Member Cover Letter 2025 (Standard Font)	YES
1760e185-73de-4416-9a46-79f2c3d7a2a8	Centene Medicaid KS Member Cover Letter 2025 (Standard Font)	YES
1760e185-73de-4416-9a46-79f2c3d7a2a8	Centene Medicaid KS Member Cover Letter 2025 (Standard Font)	YES
1760e185-73de-4416-9a46-79f2c3d7a2a8	Centene Medicaid KS Member Cover Letter 2025 (Standard Font)	YES
1760e185-73de-4416-9a46-79f2c3d7a2a8	Centene Medicaid KS Member Cover Letter 2025 (Standard Font)	YES
1760e185-73de-4416-9a46-79f2c3d7a2a8	Centene Medicaid KS Member Cover Letter 2025 (Standard Font)	YES
1760e185-73de-4416-9a46-79f2c3d7a2a8	Centene Medicaid KS Member Cover Letter 2025 (Standard Font)	YES
1760e185-73de-4416-9a46-79f2c3d7a2a8	Centene Medicaid KS Member Cover Letter 2025 (Standard Font)	YES
1760e185-73de-4416-9a46-79f2c3d7a2a8	Centene Medicaid KS Member Cover Letter 2025 (Standard Font)	YES
1760e185-73de-4416-9a46-79f2c3d7a2a8	Centene Medicaid KS Member Cover Letter 2025 (Standard Font)	YES
1760e185-73de-4416-9a46-79f2c3d7a2a8	Centene Medicaid KS Member Cover Letter 2025 (Standard Font)	YES
f4b9f513-54ad-47e5-8a3b-65decabd0a99	PCP_TMR_ESI	YES
f4b9f513-54ad-47e5-8a3b-65decabd0a99	PCP_TMR_ESI	YES
592e8fc2-fd94-4420-86f8-9307cbf465eb	Cambia_SUPD	YES
592e8fc2-fd94-4420-86f8-9307cbf465eb	Cambia_SUPD	YES
3c929cc2-3d40-41ee-86d3-fbf7da5a7556	SDL_MTM_priority	YES
3a838c41-fc47-49af-b023-8159078a6b86	Centene Marketplace Provider Tips and Recommendations 2025 (Multiple SubOrg / Standard Font)	YES
0cec2fe9-5a97-4ee5-a5cc-99e9a63a0f9f	SDL_MTM_VNS	YES
1a44050e-7a77-41a7-9df6-b88b471ad377	Welcome_MTM_ESI_DocuSend	YES
1a44050e-7a77-41a7-9df6-b88b471ad377	Welcome_MTM_ESI_DocuSend	YES
a72a4c7d-6caa-4b70-9a4f-b8e37992ac9a	Centene Medicaid Prescriber Fax Cover Sheet (IL Multiple SubOrg / Standard Font)	YES
a72a4c7d-6caa-4b70-9a4f-b8e37992ac9a	Centene Medicaid Prescriber Fax Cover Sheet (IL Multiple SubOrg / Standard Font)	YES
5ec795d8-6d5a-4cae-aaac-0481b61f0675	Centene Medicaid Prescriber Fax Cover Sheet (OR Multiple SubOrg / Standard Font)	YES
5ec795d8-6d5a-4cae-aaac-0481b61f0675	Centene Medicaid Prescriber Fax Cover Sheet (OR Multiple SubOrg / Standard Font)	YES
8b3f570e-6f98-4451-936b-c9bc72b4fe96	Welcome_MTM_allcare	YES
8b3f570e-6f98-4451-936b-c9bc72b4fe96	Welcome_MTM_allcare	YES
65349c3b-5ea4-409f-9e4b-9d68330a9e95	Welcome_HRHC_BCBSVT	YES
65349c3b-5ea4-409f-9e4b-9d68330a9e95	Welcome_HRHC_BCBSVT	YES
06c529fa-d93b-4b33-ab66-b2146f8cf7c4	DMP Second Notice (ESI 2025 / Standard Footer)	YES
06c529fa-d93b-4b33-ab66-b2146f8cf7c4	DMP Second Notice (ESI 2025 / Standard Footer)	YES
8a3ab0a3-e536-4158-93c8-e93ce0a16c9b	Cambia_SPC	YES
8a3ab0a3-e536-4158-93c8-e93ce0a16c9b	Cambia_SPC	YES
2f6d73b9-75b2-4687-b72b-f5795b25da20	Centene Commercial Member CMR Survey 2025 (Multiple SubOrg / Standard Font)	YES
2f6d73b9-75b2-4687-b72b-f5795b25da20	Centene Commercial Member CMR Survey 2025 (Multiple SubOrg / Standard Font)	YES
2f6d73b9-75b2-4687-b72b-f5795b25da20	Centene Commercial Member CMR Survey 2025 (Multiple SubOrg / Standard Font)	YES
2f6d73b9-75b2-4687-b72b-f5795b25da20	Centene Commercial Member CMR Survey 2025 (Multiple SubOrg / Standard Font)	YES
9f2c91ea-d7d6-4e1d-918c-be8eb8a065a7	Centene Medicaid NJ Member Cover Letter 2025 (Standard Font)	YES
9f2c91ea-d7d6-4e1d-918c-be8eb8a065a7	Centene Medicaid NJ Member Cover Letter 2025 (Standard Font)	YES
9f2c91ea-d7d6-4e1d-918c-be8eb8a065a7	Centene Medicaid NJ Member Cover Letter 2025 (Standard Font)	YES
9f2c91ea-d7d6-4e1d-918c-be8eb8a065a7	Centene Medicaid NJ Member Cover Letter 2025 (Standard Font)	YES
9f2c91ea-d7d6-4e1d-918c-be8eb8a065a7	Centene Medicaid NJ Member Cover Letter 2025 (Standard Font)	YES
9f2c91ea-d7d6-4e1d-918c-be8eb8a065a7	Centene Medicaid NJ Member Cover Letter 2025 (Standard Font)	YES
9f2c91ea-d7d6-4e1d-918c-be8eb8a065a7	Centene Medicaid NJ Member Cover Letter 2025 (Standard Font)	YES
9f2c91ea-d7d6-4e1d-918c-be8eb8a065a7	Centene Medicaid NJ Member Cover Letter 2025 (Standard Font)	YES
9f2c91ea-d7d6-4e1d-918c-be8eb8a065a7	Centene Medicaid NJ Member Cover Letter 2025 (Standard Font)	YES
9f2c91ea-d7d6-4e1d-918c-be8eb8a065a7	Centene Medicaid NJ Member Cover Letter 2025 (Standard Font)	YES
9f2c91ea-d7d6-4e1d-918c-be8eb8a065a7	Centene Medicaid NJ Member Cover Letter 2025 (Standard Font)	YES
9f2c91ea-d7d6-4e1d-918c-be8eb8a065a7	Centene Medicaid NJ Member Cover Letter 2025 (Standard Font)	YES
9f2c91ea-d7d6-4e1d-918c-be8eb8a065a7	Centene Medicaid NJ Member Cover Letter 2025 (Standard Font)	YES
9f2c91ea-d7d6-4e1d-918c-be8eb8a065a7	Centene Medicaid NJ Member Cover Letter 2025 (Standard Font)	YES
9f2c91ea-d7d6-4e1d-918c-be8eb8a065a7	Centene Medicaid NJ Member Cover Letter 2025 (Standard Font)	YES
9f2c91ea-d7d6-4e1d-918c-be8eb8a065a7	Centene Medicaid NJ Member Cover Letter 2025 (Standard Font)	YES
9f2c91ea-d7d6-4e1d-918c-be8eb8a065a7	Centene Medicaid NJ Member Cover Letter 2025 (Standard Font)	YES
9f2c91ea-d7d6-4e1d-918c-be8eb8a065a7	Centene Medicaid NJ Member Cover Letter 2025 (Standard Font)	YES
9f2c91ea-d7d6-4e1d-918c-be8eb8a065a7	Centene Medicaid NJ Member Cover Letter 2025 (Standard Font)	YES
9f2c91ea-d7d6-4e1d-918c-be8eb8a065a7	Centene Medicaid NJ Member Cover Letter 2025 (Standard Font)	YES
9f2c91ea-d7d6-4e1d-918c-be8eb8a065a7	Centene Medicaid NJ Member Cover Letter 2025 (Standard Font)	YES
9f2c91ea-d7d6-4e1d-918c-be8eb8a065a7	Centene Medicaid NJ Member Cover Letter 2025 (Standard Font)	YES
9f2c91ea-d7d6-4e1d-918c-be8eb8a065a7	Centene Medicaid NJ Member Cover Letter 2025 (Standard Font)	YES
9f2c91ea-d7d6-4e1d-918c-be8eb8a065a7	Centene Medicaid NJ Member Cover Letter 2025 (Standard Font)	YES
63b1f5fb-e0bc-4647-b822-f8540074417c	Centene Medicaid WA Member Cover Letter 2025 (Standard Font)	YES
63b1f5fb-e0bc-4647-b822-f8540074417c	Centene Medicaid WA Member Cover Letter 2025 (Standard Font)	YES
63b1f5fb-e0bc-4647-b822-f8540074417c	Centene Medicaid WA Member Cover Letter 2025 (Standard Font)	YES
63b1f5fb-e0bc-4647-b822-f8540074417c	Centene Medicaid WA Member Cover Letter 2025 (Standard Font)	YES
63b1f5fb-e0bc-4647-b822-f8540074417c	Centene Medicaid WA Member Cover Letter 2025 (Standard Font)	YES
63b1f5fb-e0bc-4647-b822-f8540074417c	Centene Medicaid WA Member Cover Letter 2025 (Standard Font)	YES
63b1f5fb-e0bc-4647-b822-f8540074417c	Centene Medicaid WA Member Cover Letter 2025 (Standard Font)	YES
63b1f5fb-e0bc-4647-b822-f8540074417c	Centene Medicaid WA Member Cover Letter 2025 (Standard Font)	YES
63b1f5fb-e0bc-4647-b822-f8540074417c	Centene Medicaid WA Member Cover Letter 2025 (Standard Font)	YES
63b1f5fb-e0bc-4647-b822-f8540074417c	Centene Medicaid WA Member Cover Letter 2025 (Standard Font)	YES
63b1f5fb-e0bc-4647-b822-f8540074417c	Centene Medicaid WA Member Cover Letter 2025 (Standard Font)	YES
63b1f5fb-e0bc-4647-b822-f8540074417c	Centene Medicaid WA Member Cover Letter 2025 (Standard Font)	YES
63b1f5fb-e0bc-4647-b822-f8540074417c	Centene Medicaid WA Member Cover Letter 2025 (Standard Font)	YES
63b1f5fb-e0bc-4647-b822-f8540074417c	Centene Medicaid WA Member Cover Letter 2025 (Standard Font)	YES
63b1f5fb-e0bc-4647-b822-f8540074417c	Centene Medicaid WA Member Cover Letter 2025 (Standard Font)	YES
63b1f5fb-e0bc-4647-b822-f8540074417c	Centene Medicaid WA Member Cover Letter 2025 (Standard Font)	YES
63b1f5fb-e0bc-4647-b822-f8540074417c	Centene Medicaid WA Member Cover Letter 2025 (Standard Font)	YES
63b1f5fb-e0bc-4647-b822-f8540074417c	Centene Medicaid WA Member Cover Letter 2025 (Standard Font)	YES
63b1f5fb-e0bc-4647-b822-f8540074417c	Centene Medicaid WA Member Cover Letter 2025 (Standard Font)	YES
63b1f5fb-e0bc-4647-b822-f8540074417c	Centene Medicaid WA Member Cover Letter 2025 (Standard Font)	YES
63b1f5fb-e0bc-4647-b822-f8540074417c	Centene Medicaid WA Member Cover Letter 2025 (Standard Font)	YES
63b1f5fb-e0bc-4647-b822-f8540074417c	Centene Medicaid WA Member Cover Letter 2025 (Standard Font)	YES
63b1f5fb-e0bc-4647-b822-f8540074417c	Centene Medicaid WA Member Cover Letter 2025 (Standard Font)	YES
63b1f5fb-e0bc-4647-b822-f8540074417c	Centene Medicaid WA Member Cover Letter 2025 (Standard Font)	YES
e2874604-ccc5-47f8-8b70-a0e0e33c9bb1	Boom_Welcome_Letter_Viva	YES
e2874604-ccc5-47f8-8b70-a0e0e33c9bb1	Boom_Welcome_Letter_Viva	YES
1949e0de-1999-4cb1-b3d0-f14707f82477	CL_GRACE	YES
1949e0de-1999-4cb1-b3d0-f14707f82477	CL_GRACE	YES
52aceab5-abe6-4515-a13b-0bf20ac10ccf	PML_QUAL	YES
52aceab5-abe6-4515-a13b-0bf20ac10ccf	PML_QUAL	YES
225a7e23-faa3-45f3-af31-0f0ad012b4c1	Centene Marketplace Member CMR Survey 2025 (Multiple SubOrg / Standard Font)	YES
225a7e23-faa3-45f3-af31-0f0ad012b4c1	Centene Marketplace Member CMR Survey 2025 (Multiple SubOrg / Standard Font)	YES
225a7e23-faa3-45f3-af31-0f0ad012b4c1	Centene Marketplace Member CMR Survey 2025 (Multiple SubOrg / Standard Font)	YES
90f593d9-a8da-4e48-9690-34d5e7a276b3	FollowUp_MTM_VNS_DocuSend	YES
90f593d9-a8da-4e48-9690-34d5e7a276b3	FollowUp_MTM_VNS_DocuSend	YES
a36ab633-8868-4415-a84a-1d67a8c05515	CL_MTM_docusend	YES
a36ab633-8868-4415-a84a-1d67a8c05515	CL_MTM_docusend	YES
fe2b5a59-962c-4ca8-a3fb-204a2a7b2a90	PCP_ADH IEHP	YES
fe2b5a59-962c-4ca8-a3fb-204a2a7b2a90	PCP_ADH IEHP	YES
29822d58-5fd7-47c4-80b6-adb8d46cd19a	PCP_ADH_QUAL_Cambia	YES
29822d58-5fd7-47c4-80b6-adb8d46cd19a	PCP_ADH_QUAL_Cambia	YES
a586718b-15eb-4e38-b846-56a9c117b15e	PCP_TMR	YES
a586718b-15eb-4e38-b846-56a9c117b15e	PCP_TMR	YES
f69df3de-44ad-4533-8cf5-3dfbd5d01dd8	MAP_QUAL	YES
f69df3de-44ad-4533-8cf5-3dfbd5d01dd8	MAP_QUAL	YES
c2d56d82-f9a6-4ab3-b44f-dd84809175dd	PCP_TMR_excellus_unified	YES
c2d56d82-f9a6-4ab3-b44f-dd84809175dd	PCP_TMR_excellus_unified	YES
183c3d42-35d7-4f7a-bb0c-f843da935db2	TMR_Fax_IEHP	YES
183c3d42-35d7-4f7a-bb0c-f843da935db2	TMR_Fax_IEHP	YES
02eff0ce-7d9f-485a-a17e-034c2240699e	Welcome_MTM_Priority_Health	YES
02eff0ce-7d9f-485a-a17e-034c2240699e	Welcome_MTM_Priority_Health	YES
5ca95a36-d653-47ef-bece-c651d9c0277c	PCP_PML_Quality	YES
ac49c10d-7f94-4393-8a13-d93cea8d2da5	pcp_qual_adh_centene_demo	YES
ac49c10d-7f94-4393-8a13-d93cea8d2da5	pcp_qual_adh_centene_demo	YES
408f0a44-62d1-4eaa-b364-1f7347927056	PCP_PML_MTM_general	YES
1cbfae78-cb14-4f90-8bec-b2884a3369fe	PCP_PML_QUAL_BCBSNC	YES
1cbfae78-cb14-4f90-8bec-b2884a3369fe	PCP_PML_QUAL_BCBSNC	YES
e640e765-0d39-4bcb-aeae-ce5f11e1c657	SDL_MTM_aloha	YES
e640e765-0d39-4bcb-aeae-ce5f11e1c657	SDL_MTM_aloha	YES
e74061d1-2866-431f-8c95-13590d8bf72d	PCP DMP Provider Notification (No POT) (ESI 2025)	YES
e74061d1-2866-431f-8c95-13590d8bf72d	PCP DMP Provider Notification (No POT) (ESI 2025)	YES
1d8b99d2-c2ed-460c-9ef7-81c18cbf7359	BSC_Outreach_no_sig	YES
1d8b99d2-c2ed-460c-9ef7-81c18cbf7359	BSC_Outreach_no_sig	YES
cb804fc4-24ae-4d16-91af-c44759bce370	Centene Medicaid FL Member Cover Letter 2025 (Standard Font)	YES
cb804fc4-24ae-4d16-91af-c44759bce370	Centene Medicaid FL Member Cover Letter 2025 (Standard Font)	YES
cb804fc4-24ae-4d16-91af-c44759bce370	Centene Medicaid FL Member Cover Letter 2025 (Standard Font)	YES
cb804fc4-24ae-4d16-91af-c44759bce370	Centene Medicaid FL Member Cover Letter 2025 (Standard Font)	YES
cb804fc4-24ae-4d16-91af-c44759bce370	Centene Medicaid FL Member Cover Letter 2025 (Standard Font)	YES
cb804fc4-24ae-4d16-91af-c44759bce370	Centene Medicaid FL Member Cover Letter 2025 (Standard Font)	YES
cb804fc4-24ae-4d16-91af-c44759bce370	Centene Medicaid FL Member Cover Letter 2025 (Standard Font)	YES
cb804fc4-24ae-4d16-91af-c44759bce370	Centene Medicaid FL Member Cover Letter 2025 (Standard Font)	YES
cb804fc4-24ae-4d16-91af-c44759bce370	Centene Medicaid FL Member Cover Letter 2025 (Standard Font)	YES
cb804fc4-24ae-4d16-91af-c44759bce370	Centene Medicaid FL Member Cover Letter 2025 (Standard Font)	YES
cb804fc4-24ae-4d16-91af-c44759bce370	Centene Medicaid FL Member Cover Letter 2025 (Standard Font)	YES
cb804fc4-24ae-4d16-91af-c44759bce370	Centene Medicaid FL Member Cover Letter 2025 (Standard Font)	YES
cb804fc4-24ae-4d16-91af-c44759bce370	Centene Medicaid FL Member Cover Letter 2025 (Standard Font)	YES
cb804fc4-24ae-4d16-91af-c44759bce370	Centene Medicaid FL Member Cover Letter 2025 (Standard Font)	YES
cb804fc4-24ae-4d16-91af-c44759bce370	Centene Medicaid FL Member Cover Letter 2025 (Standard Font)	YES
cb804fc4-24ae-4d16-91af-c44759bce370	Centene Medicaid FL Member Cover Letter 2025 (Standard Font)	YES
cb804fc4-24ae-4d16-91af-c44759bce370	Centene Medicaid FL Member Cover Letter 2025 (Standard Font)	YES
cb804fc4-24ae-4d16-91af-c44759bce370	Centene Medicaid FL Member Cover Letter 2025 (Standard Font)	YES
cb804fc4-24ae-4d16-91af-c44759bce370	Centene Medicaid FL Member Cover Letter 2025 (Standard Font)	YES
cb804fc4-24ae-4d16-91af-c44759bce370	Centene Medicaid FL Member Cover Letter 2025 (Standard Font)	YES
cb804fc4-24ae-4d16-91af-c44759bce370	Centene Medicaid FL Member Cover Letter 2025 (Standard Font)	YES
cb804fc4-24ae-4d16-91af-c44759bce370	Centene Medicaid FL Member Cover Letter 2025 (Standard Font)	YES
cb804fc4-24ae-4d16-91af-c44759bce370	Centene Medicaid FL Member Cover Letter 2025 (Standard Font)	YES
cb804fc4-24ae-4d16-91af-c44759bce370	Centene Medicaid FL Member Cover Letter 2025 (Standard Font)	YES
fa5c3e49-7956-4786-a772-e58b8813aa8f	Cambia_OMW	YES
fa5c3e49-7956-4786-a772-e58b8813aa8f	Cambia_OMW	YES
8f1fbbd8-3999-4df9-b071-35ab96a067bc	Centene Medicaid Prescriber Fax Cover Sheet (SC Multiple SubOrg / Standard Font)	YES
8f1fbbd8-3999-4df9-b071-35ab96a067bc	Centene Medicaid Prescriber Fax Cover Sheet (SC Multiple SubOrg / Standard Font)	YES
d428fdd7-f531-43fb-958f-e08b2fb4fd24	Welcome_Letter_UHC	YES
d428fdd7-f531-43fb-958f-e08b2fb4fd24	Welcome_Letter_UHC	YES
a60c3e09-6abe-4e73-9ae2-ff2136dd1b6b	PCP_PML_CMM	YES
a87e763d-c591-45a5-b019-eb545fcb0c51	CL_QUAL_Cambia	YES
a87e763d-c591-45a5-b019-eb545fcb0c51	CL_QUAL_Cambia	YES
b87e3df5-0dee-45c1-9201-06fd18bdb16b	cl_demo_centene	YES
b87e3df5-0dee-45c1-9201-06fd18bdb16b	cl_demo_centene	YES
0b7e8e9d-e9b9-46b9-81e5-73e9bdce4ee0	Centene Medicaid Prescriber Fax Cover Sheet (NC Multiple SubOrg / Standard Font)	YES
f22bb8a7-b8ab-4495-8382-8ef44788e831	CL_HRHC_Cambia	YES
f22bb8a7-b8ab-4495-8382-8ef44788e831	CL_HRHC_Cambia	YES
43f33950-ebfc-439c-96c5-a1b29e720471	Welcome_MTM_MVP	YES
43f33950-ebfc-439c-96c5-a1b29e720471	Welcome_MTM_MVP	YES
2e8d320b-c703-46e0-a8b4-55ea2ed7bc14	CL_QUAL_Viva	YES
4234c14f-b6da-4d1a-8383-72639c0c8e3d	CL_MTM_general_copy_priority_health	YES
4234c14f-b6da-4d1a-8383-72639c0c8e3d	CL_MTM_general_copy_priority_health	YES
b0f273c9-2c67-4f89-8e08-f650197db430	Welcome_MTM_scan	YES
c2cc6002-eb73-48ee-af04-56ac51664236	DMP Initial Notice (ESI 2025 / Standard Footer)	YES
c2cc6002-eb73-48ee-af04-56ac51664236	DMP Initial Notice (ESI 2025 / Standard Footer)	YES
49a8944a-07a5-42eb-b7a7-77a611c0a44d	PCP_HEALTH_FIRST_COPY	YES
d74e11d7-0bc7-421e-bf96-e99a8a352acc	Welcome_MTM_excellus	YES
d74e11d7-0bc7-421e-bf96-e99a8a352acc	Welcome_MTM_excellus	YES
83ddc7d3-7ea6-43a7-b4d7-8eda2af84eaa	Welcome_MTM_Cambia	YES
4c7374f4-3f23-45fa-b270-b6b569b73888	MTM_SDL_IEHP	YES
4c7374f4-3f23-45fa-b270-b6b569b73888	MTM_SDL_IEHP	YES
b5e1ba73-7b5b-4117-b2cf-9067d2f79260	MAP_HRHC_general	YES
b5e1ba73-7b5b-4117-b2cf-9067d2f79260	MAP_HRHC_general	YES
ad9ac321-ae7a-4ae5-8b87-9cc0fd0ba25e	PCP_QUAL_ADH_Quality_Prospect	YES
ad9ac321-ae7a-4ae5-8b87-9cc0fd0ba25e	PCP_QUAL_ADH_Quality_Prospect	YES
22428eb1-8288-44db-b963-9b3c5957a444	PCP_ADH_Quality_CareOregon	YES
22428eb1-8288-44db-b963-9b3c5957a444	PCP_ADH_Quality_CareOregon	YES
6e1a70c4-c14e-4c64-b3f5-21cdcf2deda1	PCP DMP No Claim Edit (ESI 2025)	YES
6e1a70c4-c14e-4c64-b3f5-21cdcf2deda1	PCP DMP No Claim Edit (ESI 2025)	YES
d5022255-d7e5-449f-b68b-c5a21a2dbc62	Centene Medicare Member CMR Survey 2025 (Multiple SubOrg / Standard Font)	YES
d5022255-d7e5-449f-b68b-c5a21a2dbc62	Centene Medicare Member CMR Survey 2025 (Multiple SubOrg / Standard Font)	YES
5115aed0-6682-4b3b-87e8-af7f5d44032d	CL_MTM_AlohaCare_general	YES
5115aed0-6682-4b3b-87e8-af7f5d44032d	CL_MTM_AlohaCare_general	YES
6ba573f5-37b7-4f67-8e8e-74f242557967	Welcome_MTM_Healthfirst	YES
6ba573f5-37b7-4f67-8e8e-74f242557967	Welcome_MTM_Healthfirst	YES
0b2f7612-bb8d-4251-a68a-6a410d80d8b7	PCP_QUAL_ADH_Quality_Excellus_Priority	YES
0b2f7612-bb8d-4251-a68a-6a410d80d8b7	PCP_QUAL_ADH_Quality_Excellus_Priority	YES
a9d341da-499f-416c-9897-1d6cb90a4ff5	Centene Medicaid NE Member Cover Letter 2025 (Standard Font)	YES
a9d341da-499f-416c-9897-1d6cb90a4ff5	Centene Medicaid NE Member Cover Letter 2025 (Standard Font)	YES
a9d341da-499f-416c-9897-1d6cb90a4ff5	Centene Medicaid NE Member Cover Letter 2025 (Standard Font)	YES
a9d341da-499f-416c-9897-1d6cb90a4ff5	Centene Medicaid NE Member Cover Letter 2025 (Standard Font)	YES
a9d341da-499f-416c-9897-1d6cb90a4ff5	Centene Medicaid NE Member Cover Letter 2025 (Standard Font)	YES
a9d341da-499f-416c-9897-1d6cb90a4ff5	Centene Medicaid NE Member Cover Letter 2025 (Standard Font)	YES
a9d341da-499f-416c-9897-1d6cb90a4ff5	Centene Medicaid NE Member Cover Letter 2025 (Standard Font)	YES
a9d341da-499f-416c-9897-1d6cb90a4ff5	Centene Medicaid NE Member Cover Letter 2025 (Standard Font)	YES
a9d341da-499f-416c-9897-1d6cb90a4ff5	Centene Medicaid NE Member Cover Letter 2025 (Standard Font)	YES
a9d341da-499f-416c-9897-1d6cb90a4ff5	Centene Medicaid NE Member Cover Letter 2025 (Standard Font)	YES
a9d341da-499f-416c-9897-1d6cb90a4ff5	Centene Medicaid NE Member Cover Letter 2025 (Standard Font)	YES
a9d341da-499f-416c-9897-1d6cb90a4ff5	Centene Medicaid NE Member Cover Letter 2025 (Standard Font)	YES
a9d341da-499f-416c-9897-1d6cb90a4ff5	Centene Medicaid NE Member Cover Letter 2025 (Standard Font)	YES
a9d341da-499f-416c-9897-1d6cb90a4ff5	Centene Medicaid NE Member Cover Letter 2025 (Standard Font)	YES
a9d341da-499f-416c-9897-1d6cb90a4ff5	Centene Medicaid NE Member Cover Letter 2025 (Standard Font)	YES
a9d341da-499f-416c-9897-1d6cb90a4ff5	Centene Medicaid NE Member Cover Letter 2025 (Standard Font)	YES
a9d341da-499f-416c-9897-1d6cb90a4ff5	Centene Medicaid NE Member Cover Letter 2025 (Standard Font)	YES
a9d341da-499f-416c-9897-1d6cb90a4ff5	Centene Medicaid NE Member Cover Letter 2025 (Standard Font)	YES
a9d341da-499f-416c-9897-1d6cb90a4ff5	Centene Medicaid NE Member Cover Letter 2025 (Standard Font)	YES
a9d341da-499f-416c-9897-1d6cb90a4ff5	Centene Medicaid NE Member Cover Letter 2025 (Standard Font)	YES
a9d341da-499f-416c-9897-1d6cb90a4ff5	Centene Medicaid NE Member Cover Letter 2025 (Standard Font)	YES
a9d341da-499f-416c-9897-1d6cb90a4ff5	Centene Medicaid NE Member Cover Letter 2025 (Standard Font)	YES
a9d341da-499f-416c-9897-1d6cb90a4ff5	Centene Medicaid NE Member Cover Letter 2025 (Standard Font)	YES
a9d341da-499f-416c-9897-1d6cb90a4ff5	Centene Medicaid NE Member Cover Letter 2025 (Standard Font)	YES
8bb9ab9c-949d-4eeb-8aff-8009e0df2424	MTM_CL_IEHP	YES
8bb9ab9c-949d-4eeb-8aff-8009e0df2424	MTM_CL_IEHP	YES
429727d9-129c-4411-9d25-96acc343f4b1	SCAN_SUPD_TMR	YES
429727d9-129c-4411-9d25-96acc343f4b1	SCAN_SUPD_TMR	YES
db5d90b8-5da4-44bf-b729-b05a2fa5be14	CL_QUAL_BCBSNC	YES
f1ba327d-327d-46fc-a3c4-e7fd6660f2fe	Welcome_MTM_icare	YES
f1ba327d-327d-46fc-a3c4-e7fd6660f2fe	Welcome_MTM_icare	YES
5163c7fe-40f7-4724-be4c-a90f84d3d94a	Centene Medicare Provider Tips and Recommendations 2025 (Multiple SubOrg / Standard Font)	YES
dd7c044c-5441-41f5-87b9-e2331a2ad486	PML_QUAL_Cambia	YES
dd7c044c-5441-41f5-87b9-e2331a2ad486	PML_QUAL_Cambia	YES
777ab27b-611c-45ee-b56c-10b224c92efd	MAP_CMM	YES
ed5c4df7-0a28-49f9-a790-4db752f133f2	PCP_ADH_Quality_Prospect	YES
ed5c4df7-0a28-49f9-a790-4db752f133f2	PCP_ADH_Quality_Prospect	YES
9b16e0a9-479d-463a-90c0-2fc8d5e0b98d	CareOregon Blank Template	YES
36870887-34e7-415b-a40e-97166b44fb26	Centene Member TMR Medicaid (Standard Font)	YES
36870887-34e7-415b-a40e-97166b44fb26	Centene Member TMR Medicaid (Standard Font)	YES
36870887-34e7-415b-a40e-97166b44fb26	Centene Member TMR Medicaid (Standard Font)	YES
36870887-34e7-415b-a40e-97166b44fb26	Centene Member TMR Medicaid (Standard Font)	YES
36870887-34e7-415b-a40e-97166b44fb26	Centene Member TMR Medicaid (Standard Font)	YES
36870887-34e7-415b-a40e-97166b44fb26	Centene Member TMR Medicaid (Standard Font)	YES
36870887-34e7-415b-a40e-97166b44fb26	Centene Member TMR Medicaid (Standard Font)	YES
36870887-34e7-415b-a40e-97166b44fb26	Centene Member TMR Medicaid (Standard Font)	YES
36870887-34e7-415b-a40e-97166b44fb26	Centene Member TMR Medicaid (Standard Font)	YES
36870887-34e7-415b-a40e-97166b44fb26	Centene Member TMR Medicaid (Standard Font)	YES
36870887-34e7-415b-a40e-97166b44fb26	Centene Member TMR Medicaid (Standard Font)	YES
36870887-34e7-415b-a40e-97166b44fb26	Centene Member TMR Medicaid (Standard Font)	YES
36870887-34e7-415b-a40e-97166b44fb26	Centene Member TMR Medicaid (Standard Font)	YES
36870887-34e7-415b-a40e-97166b44fb26	Centene Member TMR Medicaid (Standard Font)	YES
36870887-34e7-415b-a40e-97166b44fb26	Centene Member TMR Medicaid (Standard Font)	YES
36870887-34e7-415b-a40e-97166b44fb26	Centene Member TMR Medicaid (Standard Font)	YES
36870887-34e7-415b-a40e-97166b44fb26	Centene Member TMR Medicaid (Standard Font)	YES
36870887-34e7-415b-a40e-97166b44fb26	Centene Member TMR Medicaid (Standard Font)	YES
36870887-34e7-415b-a40e-97166b44fb26	Centene Member TMR Medicaid (Standard Font)	YES
36870887-34e7-415b-a40e-97166b44fb26	Centene Member TMR Medicaid (Standard Font)	YES
36870887-34e7-415b-a40e-97166b44fb26	Centene Member TMR Medicaid (Standard Font)	YES
36870887-34e7-415b-a40e-97166b44fb26	Centene Member TMR Medicaid (Standard Font)	YES
05f1a667-755f-4713-8e30-7b5c745592bf	Centene Medicaid OK Member Cover Letter 2025 (Standard Font)	YES
05f1a667-755f-4713-8e30-7b5c745592bf	Centene Medicaid OK Member Cover Letter 2025 (Standard Font)	YES
05f1a667-755f-4713-8e30-7b5c745592bf	Centene Medicaid OK Member Cover Letter 2025 (Standard Font)	YES
05f1a667-755f-4713-8e30-7b5c745592bf	Centene Medicaid OK Member Cover Letter 2025 (Standard Font)	YES
05f1a667-755f-4713-8e30-7b5c745592bf	Centene Medicaid OK Member Cover Letter 2025 (Standard Font)	YES
05f1a667-755f-4713-8e30-7b5c745592bf	Centene Medicaid OK Member Cover Letter 2025 (Standard Font)	YES
05f1a667-755f-4713-8e30-7b5c745592bf	Centene Medicaid OK Member Cover Letter 2025 (Standard Font)	YES
05f1a667-755f-4713-8e30-7b5c745592bf	Centene Medicaid OK Member Cover Letter 2025 (Standard Font)	YES
05f1a667-755f-4713-8e30-7b5c745592bf	Centene Medicaid OK Member Cover Letter 2025 (Standard Font)	YES
05f1a667-755f-4713-8e30-7b5c745592bf	Centene Medicaid OK Member Cover Letter 2025 (Standard Font)	YES
05f1a667-755f-4713-8e30-7b5c745592bf	Centene Medicaid OK Member Cover Letter 2025 (Standard Font)	YES
05f1a667-755f-4713-8e30-7b5c745592bf	Centene Medicaid OK Member Cover Letter 2025 (Standard Font)	YES
05f1a667-755f-4713-8e30-7b5c745592bf	Centene Medicaid OK Member Cover Letter 2025 (Standard Font)	YES
05f1a667-755f-4713-8e30-7b5c745592bf	Centene Medicaid OK Member Cover Letter 2025 (Standard Font)	YES
05f1a667-755f-4713-8e30-7b5c745592bf	Centene Medicaid OK Member Cover Letter 2025 (Standard Font)	YES
05f1a667-755f-4713-8e30-7b5c745592bf	Centene Medicaid OK Member Cover Letter 2025 (Standard Font)	YES
05f1a667-755f-4713-8e30-7b5c745592bf	Centene Medicaid OK Member Cover Letter 2025 (Standard Font)	YES
05f1a667-755f-4713-8e30-7b5c745592bf	Centene Medicaid OK Member Cover Letter 2025 (Standard Font)	YES
05f1a667-755f-4713-8e30-7b5c745592bf	Centene Medicaid OK Member Cover Letter 2025 (Standard Font)	YES
05f1a667-755f-4713-8e30-7b5c745592bf	Centene Medicaid OK Member Cover Letter 2025 (Standard Font)	YES
05f1a667-755f-4713-8e30-7b5c745592bf	Centene Medicaid OK Member Cover Letter 2025 (Standard Font)	YES
05f1a667-755f-4713-8e30-7b5c745592bf	Centene Medicaid OK Member Cover Letter 2025 (Standard Font)	YES
05f1a667-755f-4713-8e30-7b5c745592bf	Centene Medicaid OK Member Cover Letter 2025 (Standard Font)	YES
05f1a667-755f-4713-8e30-7b5c745592bf	Centene Medicaid OK Member Cover Letter 2025 (Standard Font)	YES
e2b013ed-1d25-4bdf-be3f-f161c89c3b6d	Centene Medicare Member Personal Medication List 2025 (Multiple SubOrg / Standard Font)	YES
7673a6e8-fd9c-48d7-8ba9-794b6d68d742	TMR_Fax_Scan	YES
7673a6e8-fd9c-48d7-8ba9-794b6d68d742	TMR_Fax_Scan	YES
2ccb4fa3-30f6-4478-b5f8-10f3763a39c8	DMP Second Notice (ESI 2025 / Tall Footer)	YES
2ccb4fa3-30f6-4478-b5f8-10f3763a39c8	DMP Second Notice (ESI 2025 / Tall Footer)	YES
7ee9c73c-e16b-469e-adc1-24745ac10ff1	Centene Medicaid Prescriber Fax Cover Sheet (CA Multiple SubOrg / Standard Font)	YES
7ee9c73c-e16b-469e-adc1-24745ac10ff1	Centene Medicaid Prescriber Fax Cover Sheet (CA Multiple SubOrg / Standard Font)	YES
7ee9c73c-e16b-469e-adc1-24745ac10ff1	Centene Medicaid Prescriber Fax Cover Sheet (CA Multiple SubOrg / Standard Font)	YES
bdf97651-9c8d-458e-9e37-cbf59a819f52	Centene Medicaid Member To-Do List 2025 (Calibri Font)	YES
bdf97651-9c8d-458e-9e37-cbf59a819f52	Centene Medicaid Member To-Do List 2025 (Calibri Font)	YES
bdf97651-9c8d-458e-9e37-cbf59a819f52	Centene Medicaid Member To-Do List 2025 (Calibri Font)	YES
bdf97651-9c8d-458e-9e37-cbf59a819f52	Centene Medicaid Member To-Do List 2025 (Calibri Font)	YES
bdf97651-9c8d-458e-9e37-cbf59a819f52	Centene Medicaid Member To-Do List 2025 (Calibri Font)	YES
bdf97651-9c8d-458e-9e37-cbf59a819f52	Centene Medicaid Member To-Do List 2025 (Calibri Font)	YES
bdf97651-9c8d-458e-9e37-cbf59a819f52	Centene Medicaid Member To-Do List 2025 (Calibri Font)	YES
bdf97651-9c8d-458e-9e37-cbf59a819f52	Centene Medicaid Member To-Do List 2025 (Calibri Font)	YES
bdf97651-9c8d-458e-9e37-cbf59a819f52	Centene Medicaid Member To-Do List 2025 (Calibri Font)	YES
bdf97651-9c8d-458e-9e37-cbf59a819f52	Centene Medicaid Member To-Do List 2025 (Calibri Font)	YES
bdf97651-9c8d-458e-9e37-cbf59a819f52	Centene Medicaid Member To-Do List 2025 (Calibri Font)	YES
bdf97651-9c8d-458e-9e37-cbf59a819f52	Centene Medicaid Member To-Do List 2025 (Calibri Font)	YES
bdf97651-9c8d-458e-9e37-cbf59a819f52	Centene Medicaid Member To-Do List 2025 (Calibri Font)	YES
bdf97651-9c8d-458e-9e37-cbf59a819f52	Centene Medicaid Member To-Do List 2025 (Calibri Font)	YES
bdf97651-9c8d-458e-9e37-cbf59a819f52	Centene Medicaid Member To-Do List 2025 (Calibri Font)	YES
8219d59d-dd5a-4bd1-9b25-b77741fde6de	HRHC_TDL_Cambia	YES
8219d59d-dd5a-4bd1-9b25-b77741fde6de	HRHC_TDL_Cambia	YES
57a5ca11-481d-4249-b0a6-5a9f822dc8a9	PCP_TDL_HRHC_general	YES
57a5ca11-481d-4249-b0a6-5a9f822dc8a9	PCP_TDL_HRHC_general	YES
8716767c-395d-41da-8e0a-ff81605b20d1	Centene Medicaid SC HIM Member Cover Letter 2025 (Standard Font)	YES
8716767c-395d-41da-8e0a-ff81605b20d1	Centene Medicaid SC HIM Member Cover Letter 2025 (Standard Font)	YES
8716767c-395d-41da-8e0a-ff81605b20d1	Centene Medicaid SC HIM Member Cover Letter 2025 (Standard Font)	YES
8716767c-395d-41da-8e0a-ff81605b20d1	Centene Medicaid SC HIM Member Cover Letter 2025 (Standard Font)	YES
8716767c-395d-41da-8e0a-ff81605b20d1	Centene Medicaid SC HIM Member Cover Letter 2025 (Standard Font)	YES
8716767c-395d-41da-8e0a-ff81605b20d1	Centene Medicaid SC HIM Member Cover Letter 2025 (Standard Font)	YES
8716767c-395d-41da-8e0a-ff81605b20d1	Centene Medicaid SC HIM Member Cover Letter 2025 (Standard Font)	YES
8716767c-395d-41da-8e0a-ff81605b20d1	Centene Medicaid SC HIM Member Cover Letter 2025 (Standard Font)	YES
8716767c-395d-41da-8e0a-ff81605b20d1	Centene Medicaid SC HIM Member Cover Letter 2025 (Standard Font)	YES
8716767c-395d-41da-8e0a-ff81605b20d1	Centene Medicaid SC HIM Member Cover Letter 2025 (Standard Font)	YES
8716767c-395d-41da-8e0a-ff81605b20d1	Centene Medicaid SC HIM Member Cover Letter 2025 (Standard Font)	YES
8716767c-395d-41da-8e0a-ff81605b20d1	Centene Medicaid SC HIM Member Cover Letter 2025 (Standard Font)	YES
8716767c-395d-41da-8e0a-ff81605b20d1	Centene Medicaid SC HIM Member Cover Letter 2025 (Standard Font)	YES
8716767c-395d-41da-8e0a-ff81605b20d1	Centene Medicaid SC HIM Member Cover Letter 2025 (Standard Font)	YES
8716767c-395d-41da-8e0a-ff81605b20d1	Centene Medicaid SC HIM Member Cover Letter 2025 (Standard Font)	YES
8716767c-395d-41da-8e0a-ff81605b20d1	Centene Medicaid SC HIM Member Cover Letter 2025 (Standard Font)	YES
8716767c-395d-41da-8e0a-ff81605b20d1	Centene Medicaid SC HIM Member Cover Letter 2025 (Standard Font)	YES
8716767c-395d-41da-8e0a-ff81605b20d1	Centene Medicaid SC HIM Member Cover Letter 2025 (Standard Font)	YES
8716767c-395d-41da-8e0a-ff81605b20d1	Centene Medicaid SC HIM Member Cover Letter 2025 (Standard Font)	YES
8716767c-395d-41da-8e0a-ff81605b20d1	Centene Medicaid SC HIM Member Cover Letter 2025 (Standard Font)	YES
8716767c-395d-41da-8e0a-ff81605b20d1	Centene Medicaid SC HIM Member Cover Letter 2025 (Standard Font)	YES
8716767c-395d-41da-8e0a-ff81605b20d1	Centene Medicaid SC HIM Member Cover Letter 2025 (Standard Font)	YES
8716767c-395d-41da-8e0a-ff81605b20d1	Centene Medicaid SC HIM Member Cover Letter 2025 (Standard Font)	YES
8716767c-395d-41da-8e0a-ff81605b20d1	Centene Medicaid SC HIM Member Cover Letter 2025 (Standard Font)	YES
460a923c-b621-45bb-9a23-8a323349edb3	Centene Prescriber Fax Cover Sheet Medicaid (Standard Font)	YES
37c68c4e-d581-416e-a0cd-6a6e52010a9e	Welcome_HRHC_Kaiser_DocuSend	YES
37c68c4e-d581-416e-a0cd-6a6e52010a9e	Welcome_HRHC_Kaiser_DocuSend	YES
1a8019d9-fdba-44c9-86e9-2d8aa24e3422	CL_HRHC_HMSA	YES
1a8019d9-fdba-44c9-86e9-2d8aa24e3422	CL_HRHC_HMSA	YES
51c103c3-175d-4cdb-9eac-489a87281d20	Excellus_SUPD_SPC	YES
51c103c3-175d-4cdb-9eac-489a87281d20	Excellus_SUPD_SPC	YES
fd6972d3-3aca-4a21-8840-5894814d3386	Centene Medicaid Prescriber Fax Cover Sheet (NH Multiple SubOrg / Standard Font)	YES
ccf945f8-e470-4484-a6ee-fc6a2bbc7d3f	Centene Medicaid Member To-Do List 2025 (Standard Font)	YES
ccf945f8-e470-4484-a6ee-fc6a2bbc7d3f	Centene Medicaid Member To-Do List 2025 (Standard Font)	YES
ccf945f8-e470-4484-a6ee-fc6a2bbc7d3f	Centene Medicaid Member To-Do List 2025 (Standard Font)	YES
ccf945f8-e470-4484-a6ee-fc6a2bbc7d3f	Centene Medicaid Member To-Do List 2025 (Standard Font)	YES
ccf945f8-e470-4484-a6ee-fc6a2bbc7d3f	Centene Medicaid Member To-Do List 2025 (Standard Font)	YES
ccf945f8-e470-4484-a6ee-fc6a2bbc7d3f	Centene Medicaid Member To-Do List 2025 (Standard Font)	YES
ccf945f8-e470-4484-a6ee-fc6a2bbc7d3f	Centene Medicaid Member To-Do List 2025 (Standard Font)	YES
ccf945f8-e470-4484-a6ee-fc6a2bbc7d3f	Centene Medicaid Member To-Do List 2025 (Standard Font)	YES
ccf945f8-e470-4484-a6ee-fc6a2bbc7d3f	Centene Medicaid Member To-Do List 2025 (Standard Font)	YES
ccf945f8-e470-4484-a6ee-fc6a2bbc7d3f	Centene Medicaid Member To-Do List 2025 (Standard Font)	YES
ccf945f8-e470-4484-a6ee-fc6a2bbc7d3f	Centene Medicaid Member To-Do List 2025 (Standard Font)	YES
ccf945f8-e470-4484-a6ee-fc6a2bbc7d3f	Centene Medicaid Member To-Do List 2025 (Standard Font)	YES
ccf945f8-e470-4484-a6ee-fc6a2bbc7d3f	Centene Medicaid Member To-Do List 2025 (Standard Font)	YES
ccf945f8-e470-4484-a6ee-fc6a2bbc7d3f	Centene Medicaid Member To-Do List 2025 (Standard Font)	YES
ccf945f8-e470-4484-a6ee-fc6a2bbc7d3f	Centene Medicaid Member To-Do List 2025 (Standard Font)	YES
edf38774-280a-4226-b45d-ff1eef3c59ec	PA_batch+followup_BSC	YES
edf38774-280a-4226-b45d-ff1eef3c59ec	PA_batch+followup_BSC	YES
5e938e10-c425-4995-97c3-7478e7665ba1	Centene Medicaid FL CMS Member Cover Letter 2025 (Standard Font)	YES
5e938e10-c425-4995-97c3-7478e7665ba1	Centene Medicaid FL CMS Member Cover Letter 2025 (Standard Font)	YES
5e938e10-c425-4995-97c3-7478e7665ba1	Centene Medicaid FL CMS Member Cover Letter 2025 (Standard Font)	YES
5e938e10-c425-4995-97c3-7478e7665ba1	Centene Medicaid FL CMS Member Cover Letter 2025 (Standard Font)	YES
5e938e10-c425-4995-97c3-7478e7665ba1	Centene Medicaid FL CMS Member Cover Letter 2025 (Standard Font)	YES
5e938e10-c425-4995-97c3-7478e7665ba1	Centene Medicaid FL CMS Member Cover Letter 2025 (Standard Font)	YES
5e938e10-c425-4995-97c3-7478e7665ba1	Centene Medicaid FL CMS Member Cover Letter 2025 (Standard Font)	YES
5e938e10-c425-4995-97c3-7478e7665ba1	Centene Medicaid FL CMS Member Cover Letter 2025 (Standard Font)	YES
5e938e10-c425-4995-97c3-7478e7665ba1	Centene Medicaid FL CMS Member Cover Letter 2025 (Standard Font)	YES
5e938e10-c425-4995-97c3-7478e7665ba1	Centene Medicaid FL CMS Member Cover Letter 2025 (Standard Font)	YES
5e938e10-c425-4995-97c3-7478e7665ba1	Centene Medicaid FL CMS Member Cover Letter 2025 (Standard Font)	YES
5e938e10-c425-4995-97c3-7478e7665ba1	Centene Medicaid FL CMS Member Cover Letter 2025 (Standard Font)	YES
5e938e10-c425-4995-97c3-7478e7665ba1	Centene Medicaid FL CMS Member Cover Letter 2025 (Standard Font)	YES
5e938e10-c425-4995-97c3-7478e7665ba1	Centene Medicaid FL CMS Member Cover Letter 2025 (Standard Font)	YES
5e938e10-c425-4995-97c3-7478e7665ba1	Centene Medicaid FL CMS Member Cover Letter 2025 (Standard Font)	YES
5e938e10-c425-4995-97c3-7478e7665ba1	Centene Medicaid FL CMS Member Cover Letter 2025 (Standard Font)	YES
5e938e10-c425-4995-97c3-7478e7665ba1	Centene Medicaid FL CMS Member Cover Letter 2025 (Standard Font)	YES
5e938e10-c425-4995-97c3-7478e7665ba1	Centene Medicaid FL CMS Member Cover Letter 2025 (Standard Font)	YES
5e938e10-c425-4995-97c3-7478e7665ba1	Centene Medicaid FL CMS Member Cover Letter 2025 (Standard Font)	YES
5e938e10-c425-4995-97c3-7478e7665ba1	Centene Medicaid FL CMS Member Cover Letter 2025 (Standard Font)	YES
5e938e10-c425-4995-97c3-7478e7665ba1	Centene Medicaid FL CMS Member Cover Letter 2025 (Standard Font)	YES
5e938e10-c425-4995-97c3-7478e7665ba1	Centene Medicaid FL CMS Member Cover Letter 2025 (Standard Font)	YES
5e938e10-c425-4995-97c3-7478e7665ba1	Centene Medicaid FL CMS Member Cover Letter 2025 (Standard Font)	YES
5e938e10-c425-4995-97c3-7478e7665ba1	Centene Medicaid FL CMS Member Cover Letter 2025 (Standard Font)	YES
e4ab3a90-ed08-4f43-af43-b56fd96365d4	Centene Medicaid Prescriber Fax Cover Sheet (TX Multiple SubOrg / Standard Font)	YES
699c0f72-f462-4e06-a780-a4e8436ae3c8	PML_MTM_IEHP	YES
080309d8-f80a-4624-8888-c98116711b12	CL_QUAL_VillageMD_DocuSend	YES
080309d8-f80a-4624-8888-c98116711b12	CL_QUAL_VillageMD_DocuSend	YES
3a3b9f0e-cd69-4fa5-87e8-264e1e775166	CL_HRHC_MDX	YES
efaf0391-aac0-4f81-a6d4-f9766dce5495	PCP_TDL_MTM_general	YES
efaf0391-aac0-4f81-a6d4-f9766dce5495	PCP_TDL_MTM_general	YES
613358c9-2799-4e86-badb-10257f5068c9	PML_MTM_general	YES
4027e62f-a05b-4f8b-b7e4-29236953ede7	Centene Member TMR Medicare (Standard Font)	YES
4027e62f-a05b-4f8b-b7e4-29236953ede7	Centene Member TMR Medicare (Standard Font)	YES
ff509b7b-8186-4b4b-a9f5-8083d23db5b2	Centene Medicaid Prescriber Fax Cover Sheet (GA Multiple SubOrg / Standard Font)	YES
ccec2c78-1e13-463f-9cd3-181ba78e35b5	TDL_MTM_IEHP	YES
1421d4f8-6313-428e-9f07-961f2fae61f9	PCP DMP Claim Edit (POT) (ESI 2025)	YES
1421d4f8-6313-428e-9f07-961f2fae61f9	PCP DMP Claim Edit (POT) (ESI 2025)	YES
aefbee43-72ee-4633-9a7f-ae49f59ed704	PCP_HEALTH_FIRST	YES
95a20c9b-da63-49c0-b33f-10c62a851a7e	CCA_SPC_TMR	YES
95a20c9b-da63-49c0-b33f-10c62a851a7e	CCA_SPC_TMR	YES
582a334e-9282-436c-bedd-030aa0d745ae	Centene Common Member Address Page 2025 (Multiple SubOrg / Standard Font)	YES
582a334e-9282-436c-bedd-030aa0d745ae	Centene Common Member Address Page 2025 (Multiple SubOrg / Standard Font)	YES
09a230d6-5bfd-4569-93b1-4d654fdf1af8	CL_MTM_docusend	YES
09a230d6-5bfd-4569-93b1-4d654fdf1af8	CL_MTM_docusend	YES
507d36a2-32cd-45d4-95ef-dd59f8017ccb	PCP_MRP_Quality	YES
a1aab75f-4bfa-4d85-a2c1-1d82e73738be	HRHC_PCP_TDL_HMSA	YES
a1aab75f-4bfa-4d85-a2c1-1d82e73738be	HRHC_PCP_TDL_HMSA	YES
c64e5733-20e3-4d55-b23d-5ca34a7ac286	CL_MTM_SelectHealth_Large_Address	YES
ff3cdc9e-6797-4bce-bdcf-b07756872b74	Centene Prescriber Fax Cover Sheet Medicare (Multiple SubOrg / Standard Font)	YES
4db6bb9d-a32c-4b34-9110-229bc6d4f514	MAP_HRHC_Cambia	YES
4db6bb9d-a32c-4b34-9110-229bc6d4f514	MAP_HRHC_Cambia	YES
708370f6-d8ab-4dfa-b58d-c61288cac9e6	PCP_TDL_MTM_Cambia	YES
708370f6-d8ab-4dfa-b58d-c61288cac9e6	PCP_TDL_MTM_Cambia	YES
baee3801-de83-4e39-b100-2c6c1a382ee9	Centene Medicaid Prescriber Fax Cover Sheet (KS Multiple SubOrg / Standard Font)	YES
62915346-e48b-473e-8a38-cc19581ed69e	Centene Medicaid Member CMR Survey 2025 (Multiple SubOrg / Standard Font)	YES
62915346-e48b-473e-8a38-cc19581ed69e	Centene Medicaid Member CMR Survey 2025 (Multiple SubOrg / Standard Font)	YES
62915346-e48b-473e-8a38-cc19581ed69e	Centene Medicaid Member CMR Survey 2025 (Multiple SubOrg / Standard Font)	YES
62915346-e48b-473e-8a38-cc19581ed69e	Centene Medicaid Member CMR Survey 2025 (Multiple SubOrg / Standard Font)	YES
62915346-e48b-473e-8a38-cc19581ed69e	Centene Medicaid Member CMR Survey 2025 (Multiple SubOrg / Standard Font)	YES
62915346-e48b-473e-8a38-cc19581ed69e	Centene Medicaid Member CMR Survey 2025 (Multiple SubOrg / Standard Font)	YES
62915346-e48b-473e-8a38-cc19581ed69e	Centene Medicaid Member CMR Survey 2025 (Multiple SubOrg / Standard Font)	YES
62915346-e48b-473e-8a38-cc19581ed69e	Centene Medicaid Member CMR Survey 2025 (Multiple SubOrg / Standard Font)	YES
62915346-e48b-473e-8a38-cc19581ed69e	Centene Medicaid Member CMR Survey 2025 (Multiple SubOrg / Standard Font)	YES
62915346-e48b-473e-8a38-cc19581ed69e	Centene Medicaid Member CMR Survey 2025 (Multiple SubOrg / Standard Font)	YES
62915346-e48b-473e-8a38-cc19581ed69e	Centene Medicaid Member CMR Survey 2025 (Multiple SubOrg / Standard Font)	YES
62915346-e48b-473e-8a38-cc19581ed69e	Centene Medicaid Member CMR Survey 2025 (Multiple SubOrg / Standard Font)	YES
62915346-e48b-473e-8a38-cc19581ed69e	Centene Medicaid Member CMR Survey 2025 (Multiple SubOrg / Standard Font)	YES
62915346-e48b-473e-8a38-cc19581ed69e	Centene Medicaid Member CMR Survey 2025 (Multiple SubOrg / Standard Font)	YES
62915346-e48b-473e-8a38-cc19581ed69e	Centene Medicaid Member CMR Survey 2025 (Multiple SubOrg / Standard Font)	YES
62915346-e48b-473e-8a38-cc19581ed69e	Centene Medicaid Member CMR Survey 2025 (Multiple SubOrg / Standard Font)	YES
62915346-e48b-473e-8a38-cc19581ed69e	Centene Medicaid Member CMR Survey 2025 (Multiple SubOrg / Standard Font)	YES
62915346-e48b-473e-8a38-cc19581ed69e	Centene Medicaid Member CMR Survey 2025 (Multiple SubOrg / Standard Font)	YES
62915346-e48b-473e-8a38-cc19581ed69e	Centene Medicaid Member CMR Survey 2025 (Multiple SubOrg / Standard Font)	YES
62915346-e48b-473e-8a38-cc19581ed69e	Centene Medicaid Member CMR Survey 2025 (Multiple SubOrg / Standard Font)	YES
62915346-e48b-473e-8a38-cc19581ed69e	Centene Medicaid Member CMR Survey 2025 (Multiple SubOrg / Standard Font)	YES
62915346-e48b-473e-8a38-cc19581ed69e	Centene Medicaid Member CMR Survey 2025 (Multiple SubOrg / Standard Font)	YES
62915346-e48b-473e-8a38-cc19581ed69e	Centene Medicaid Member CMR Survey 2025 (Multiple SubOrg / Standard Font)	YES
62915346-e48b-473e-8a38-cc19581ed69e	Centene Medicaid Member CMR Survey 2025 (Multiple SubOrg / Standard Font)	YES
62915346-e48b-473e-8a38-cc19581ed69e	Centene Medicaid Member CMR Survey 2025 (Multiple SubOrg / Standard Font)	YES
4d594b6b-9319-43db-b15d-b92eb390adc3	Welcome_MTM_Viva	YES
36208ad7-2130-4e1e-84ff-dcaf1c9cf79b	Centene Medicaid Member CMR Survey 2025 (Multiple SubOrg / Alternative Font)	YES
36208ad7-2130-4e1e-84ff-dcaf1c9cf79b	Centene Medicaid Member CMR Survey 2025 (Multiple SubOrg / Alternative Font)	YES
36208ad7-2130-4e1e-84ff-dcaf1c9cf79b	Centene Medicaid Member CMR Survey 2025 (Multiple SubOrg / Alternative Font)	YES
36208ad7-2130-4e1e-84ff-dcaf1c9cf79b	Centene Medicaid Member CMR Survey 2025 (Multiple SubOrg / Alternative Font)	YES
36208ad7-2130-4e1e-84ff-dcaf1c9cf79b	Centene Medicaid Member CMR Survey 2025 (Multiple SubOrg / Alternative Font)	YES
36208ad7-2130-4e1e-84ff-dcaf1c9cf79b	Centene Medicaid Member CMR Survey 2025 (Multiple SubOrg / Alternative Font)	YES
36208ad7-2130-4e1e-84ff-dcaf1c9cf79b	Centene Medicaid Member CMR Survey 2025 (Multiple SubOrg / Alternative Font)	YES
36208ad7-2130-4e1e-84ff-dcaf1c9cf79b	Centene Medicaid Member CMR Survey 2025 (Multiple SubOrg / Alternative Font)	YES
36208ad7-2130-4e1e-84ff-dcaf1c9cf79b	Centene Medicaid Member CMR Survey 2025 (Multiple SubOrg / Alternative Font)	YES
36208ad7-2130-4e1e-84ff-dcaf1c9cf79b	Centene Medicaid Member CMR Survey 2025 (Multiple SubOrg / Alternative Font)	YES
36208ad7-2130-4e1e-84ff-dcaf1c9cf79b	Centene Medicaid Member CMR Survey 2025 (Multiple SubOrg / Alternative Font)	YES
36208ad7-2130-4e1e-84ff-dcaf1c9cf79b	Centene Medicaid Member CMR Survey 2025 (Multiple SubOrg / Alternative Font)	YES
36208ad7-2130-4e1e-84ff-dcaf1c9cf79b	Centene Medicaid Member CMR Survey 2025 (Multiple SubOrg / Alternative Font)	YES
36208ad7-2130-4e1e-84ff-dcaf1c9cf79b	Centene Medicaid Member CMR Survey 2025 (Multiple SubOrg / Alternative Font)	YES
36208ad7-2130-4e1e-84ff-dcaf1c9cf79b	Centene Medicaid Member CMR Survey 2025 (Multiple SubOrg / Alternative Font)	YES
36208ad7-2130-4e1e-84ff-dcaf1c9cf79b	Centene Medicaid Member CMR Survey 2025 (Multiple SubOrg / Alternative Font)	YES
36208ad7-2130-4e1e-84ff-dcaf1c9cf79b	Centene Medicaid Member CMR Survey 2025 (Multiple SubOrg / Alternative Font)	YES
36208ad7-2130-4e1e-84ff-dcaf1c9cf79b	Centene Medicaid Member CMR Survey 2025 (Multiple SubOrg / Alternative Font)	YES
36208ad7-2130-4e1e-84ff-dcaf1c9cf79b	Centene Medicaid Member CMR Survey 2025 (Multiple SubOrg / Alternative Font)	YES
36208ad7-2130-4e1e-84ff-dcaf1c9cf79b	Centene Medicaid Member CMR Survey 2025 (Multiple SubOrg / Alternative Font)	YES
36208ad7-2130-4e1e-84ff-dcaf1c9cf79b	Centene Medicaid Member CMR Survey 2025 (Multiple SubOrg / Alternative Font)	YES
36208ad7-2130-4e1e-84ff-dcaf1c9cf79b	Centene Medicaid Member CMR Survey 2025 (Multiple SubOrg / Alternative Font)	YES
36208ad7-2130-4e1e-84ff-dcaf1c9cf79b	Centene Medicaid Member CMR Survey 2025 (Multiple SubOrg / Alternative Font)	YES
36208ad7-2130-4e1e-84ff-dcaf1c9cf79b	Centene Medicaid Member CMR Survey 2025 (Multiple SubOrg / Alternative Font)	YES
36208ad7-2130-4e1e-84ff-dcaf1c9cf79b	Centene Medicaid Member CMR Survey 2025 (Multiple SubOrg / Alternative Font)	YES
cf436e44-3b1b-424e-b9e7-9cd6c9f0d696	MAP_QUAL_Cambia	YES
cf436e44-3b1b-424e-b9e7-9cd6c9f0d696	MAP_QUAL_Cambia	YES
f73d54ee-fb5d-4aca-a075-9e02afe7bd10	Centene Medicaid IN Member Cover Letter 2025 (Standard Font)	YES
f73d54ee-fb5d-4aca-a075-9e02afe7bd10	Centene Medicaid IN Member Cover Letter 2025 (Standard Font)	YES
f73d54ee-fb5d-4aca-a075-9e02afe7bd10	Centene Medicaid IN Member Cover Letter 2025 (Standard Font)	YES
f73d54ee-fb5d-4aca-a075-9e02afe7bd10	Centene Medicaid IN Member Cover Letter 2025 (Standard Font)	YES
f73d54ee-fb5d-4aca-a075-9e02afe7bd10	Centene Medicaid IN Member Cover Letter 2025 (Standard Font)	YES
f73d54ee-fb5d-4aca-a075-9e02afe7bd10	Centene Medicaid IN Member Cover Letter 2025 (Standard Font)	YES
f73d54ee-fb5d-4aca-a075-9e02afe7bd10	Centene Medicaid IN Member Cover Letter 2025 (Standard Font)	YES
f73d54ee-fb5d-4aca-a075-9e02afe7bd10	Centene Medicaid IN Member Cover Letter 2025 (Standard Font)	YES
f73d54ee-fb5d-4aca-a075-9e02afe7bd10	Centene Medicaid IN Member Cover Letter 2025 (Standard Font)	YES
f73d54ee-fb5d-4aca-a075-9e02afe7bd10	Centene Medicaid IN Member Cover Letter 2025 (Standard Font)	YES
f73d54ee-fb5d-4aca-a075-9e02afe7bd10	Centene Medicaid IN Member Cover Letter 2025 (Standard Font)	YES
f73d54ee-fb5d-4aca-a075-9e02afe7bd10	Centene Medicaid IN Member Cover Letter 2025 (Standard Font)	YES
f73d54ee-fb5d-4aca-a075-9e02afe7bd10	Centene Medicaid IN Member Cover Letter 2025 (Standard Font)	YES
f73d54ee-fb5d-4aca-a075-9e02afe7bd10	Centene Medicaid IN Member Cover Letter 2025 (Standard Font)	YES
f73d54ee-fb5d-4aca-a075-9e02afe7bd10	Centene Medicaid IN Member Cover Letter 2025 (Standard Font)	YES
f73d54ee-fb5d-4aca-a075-9e02afe7bd10	Centene Medicaid IN Member Cover Letter 2025 (Standard Font)	YES
f73d54ee-fb5d-4aca-a075-9e02afe7bd10	Centene Medicaid IN Member Cover Letter 2025 (Standard Font)	YES
f73d54ee-fb5d-4aca-a075-9e02afe7bd10	Centene Medicaid IN Member Cover Letter 2025 (Standard Font)	YES
f73d54ee-fb5d-4aca-a075-9e02afe7bd10	Centene Medicaid IN Member Cover Letter 2025 (Standard Font)	YES
f73d54ee-fb5d-4aca-a075-9e02afe7bd10	Centene Medicaid IN Member Cover Letter 2025 (Standard Font)	YES
f73d54ee-fb5d-4aca-a075-9e02afe7bd10	Centene Medicaid IN Member Cover Letter 2025 (Standard Font)	YES
f73d54ee-fb5d-4aca-a075-9e02afe7bd10	Centene Medicaid IN Member Cover Letter 2025 (Standard Font)	YES
f73d54ee-fb5d-4aca-a075-9e02afe7bd10	Centene Medicaid IN Member Cover Letter 2025 (Standard Font)	YES
f73d54ee-fb5d-4aca-a075-9e02afe7bd10	Centene Medicaid IN Member Cover Letter 2025 (Standard Font)	YES
c0671c76-31b8-4e89-a1a4-0f706cc5da20	Centene Medicaid Prescriber Fax Cover Sheet (NV Multiple SubOrg / Standard Font)	YES
d3ff8f4c-b727-4bd2-a297-2c5ff07f11a8	Welcome_MTM_prominence_duplicate	YES
d3ff8f4c-b727-4bd2-a297-2c5ff07f11a8	Welcome_MTM_prominence_duplicate	YES
0ad0b2ff-6a5d-4243-8a1f-1f64d5f625fa	Welcome_HRHC_Cambia	YES
0ad0b2ff-6a5d-4243-8a1f-1f64d5f625fa	Welcome_HRHC_Cambia	YES
66fcc46c-0cf5-4463-8214-def7ec67c2b1	Welcome_MTM_general	YES
66fcc46c-0cf5-4463-8214-def7ec67c2b1	Welcome_MTM_general	YES
c1a7d0bc-1e6c-4d83-a912-09fe71972160	Centene Medicaid Prescriber Fax Cover Sheet (AR Multiple SubOrg / Standard Font)	YES
a2e422aa-66c7-4f99-963a-fd564d56fdd7	PCP_PML_HRHC_general	YES
9417d5ca-d015-42d8-a029-4f466c43cf04	Centene Medicaid Prescriber Fax Cover Sheet (IN Multiple SubOrg / Standard Font)	YES
23ce4f14-8fb4-428a-88ee-b330c35a9cad	Centene Medicaid NC Member Cover Letter 2025 (Standard Font)	YES
23ce4f14-8fb4-428a-88ee-b330c35a9cad	Centene Medicaid NC Member Cover Letter 2025 (Standard Font)	YES
23ce4f14-8fb4-428a-88ee-b330c35a9cad	Centene Medicaid NC Member Cover Letter 2025 (Standard Font)	YES
23ce4f14-8fb4-428a-88ee-b330c35a9cad	Centene Medicaid NC Member Cover Letter 2025 (Standard Font)	YES
23ce4f14-8fb4-428a-88ee-b330c35a9cad	Centene Medicaid NC Member Cover Letter 2025 (Standard Font)	YES
23ce4f14-8fb4-428a-88ee-b330c35a9cad	Centene Medicaid NC Member Cover Letter 2025 (Standard Font)	YES
23ce4f14-8fb4-428a-88ee-b330c35a9cad	Centene Medicaid NC Member Cover Letter 2025 (Standard Font)	YES
23ce4f14-8fb4-428a-88ee-b330c35a9cad	Centene Medicaid NC Member Cover Letter 2025 (Standard Font)	YES
23ce4f14-8fb4-428a-88ee-b330c35a9cad	Centene Medicaid NC Member Cover Letter 2025 (Standard Font)	YES
23ce4f14-8fb4-428a-88ee-b330c35a9cad	Centene Medicaid NC Member Cover Letter 2025 (Standard Font)	YES
23ce4f14-8fb4-428a-88ee-b330c35a9cad	Centene Medicaid NC Member Cover Letter 2025 (Standard Font)	YES
23ce4f14-8fb4-428a-88ee-b330c35a9cad	Centene Medicaid NC Member Cover Letter 2025 (Standard Font)	YES
23ce4f14-8fb4-428a-88ee-b330c35a9cad	Centene Medicaid NC Member Cover Letter 2025 (Standard Font)	YES
23ce4f14-8fb4-428a-88ee-b330c35a9cad	Centene Medicaid NC Member Cover Letter 2025 (Standard Font)	YES
23ce4f14-8fb4-428a-88ee-b330c35a9cad	Centene Medicaid NC Member Cover Letter 2025 (Standard Font)	YES
23ce4f14-8fb4-428a-88ee-b330c35a9cad	Centene Medicaid NC Member Cover Letter 2025 (Standard Font)	YES
23ce4f14-8fb4-428a-88ee-b330c35a9cad	Centene Medicaid NC Member Cover Letter 2025 (Standard Font)	YES
23ce4f14-8fb4-428a-88ee-b330c35a9cad	Centene Medicaid NC Member Cover Letter 2025 (Standard Font)	YES
23ce4f14-8fb4-428a-88ee-b330c35a9cad	Centene Medicaid NC Member Cover Letter 2025 (Standard Font)	YES
23ce4f14-8fb4-428a-88ee-b330c35a9cad	Centene Medicaid NC Member Cover Letter 2025 (Standard Font)	YES
23ce4f14-8fb4-428a-88ee-b330c35a9cad	Centene Medicaid NC Member Cover Letter 2025 (Standard Font)	YES
23ce4f14-8fb4-428a-88ee-b330c35a9cad	Centene Medicaid NC Member Cover Letter 2025 (Standard Font)	YES
23ce4f14-8fb4-428a-88ee-b330c35a9cad	Centene Medicaid NC Member Cover Letter 2025 (Standard Font)	YES
23ce4f14-8fb4-428a-88ee-b330c35a9cad	Centene Medicaid NC Member Cover Letter 2025 (Standard Font)	YES
a3f2d4ac-6d54-450b-a000-47ae5f383b56	Centene Member TMR Commercial (Standard Font)	YES
a3f2d4ac-6d54-450b-a000-47ae5f383b56	Centene Member TMR Commercial (Standard Font)	YES
a3f2d4ac-6d54-450b-a000-47ae5f383b56	Centene Member TMR Commercial (Standard Font)	YES
a3f2d4ac-6d54-450b-a000-47ae5f383b56	Centene Member TMR Commercial (Standard Font)	YES
db800f02-5368-490a-90aa-e4ca279ccece	PML_QUAL	YES
db800f02-5368-490a-90aa-e4ca279ccece	PML_QUAL	YES
afb12138-0c23-4d6d-9dd7-a1d550daaf35	PML_HRHC_MDX	YES
afb12138-0c23-4d6d-9dd7-a1d550daaf35	PML_HRHC_MDX	YES
246d42ba-ab6a-4872-bfde-7ddff34d81c5	PCP DMP Provider Notification (POT) (ESI 2025)	YES
246d42ba-ab6a-4872-bfde-7ddff34d81c5	PCP DMP Provider Notification (POT) (ESI 2025)	YES
e0636549-b6c0-4f79-a786-30b59926fad5	Centene Medicaid AR Member Personal Medication List 2025 (Standard Font)	YES
2d3525f3-95eb-4f4f-a629-75ffce0d2f12	Welcome_MTM_medigold	YES
2d3525f3-95eb-4f4f-a629-75ffce0d2f12	Welcome_MTM_medigold	YES
893ac5a6-0a63-427a-b4f5-4137b248a9fb	ADH_CL_SelectHealth 	YES
893ac5a6-0a63-427a-b4f5-4137b248a9fb	ADH_CL_SelectHealth 	YES
b7e8bb32-11bb-4199-b4a5-160c84f31297	PCP DMP No Claim Edit (POT) (ESI 2025)	YES
b7e8bb32-11bb-4199-b4a5-160c84f31297	PCP DMP No Claim Edit (POT) (ESI 2025)	YES
4fee952e-1149-441a-8576-4bdca061dced	Centene Medicaid Prescriber Fax Cover Sheet (OK Multiple SubOrg / Standard Font)	YES
7e559e73-718c-4fa1-a9c7-a18bde62a102	Welcome_Qual_CareOregon_VBID	YES
7e559e73-718c-4fa1-a9c7-a18bde62a102	Welcome_Qual_CareOregon_VBID	YES
6942ceec-c408-4ab2-a66d-74398058cd5b	QUAL_PCP_SPC_IEHP	YES
6942ceec-c408-4ab2-a66d-74398058cd5b	QUAL_PCP_SPC_IEHP	YES
456e7dc3-a2fe-4f3a-a1ed-883e1555b33e	Centene Medicaid SC Member Cover Letter 2025 (Standard Font)	YES
456e7dc3-a2fe-4f3a-a1ed-883e1555b33e	Centene Medicaid SC Member Cover Letter 2025 (Standard Font)	YES
456e7dc3-a2fe-4f3a-a1ed-883e1555b33e	Centene Medicaid SC Member Cover Letter 2025 (Standard Font)	YES
456e7dc3-a2fe-4f3a-a1ed-883e1555b33e	Centene Medicaid SC Member Cover Letter 2025 (Standard Font)	YES
456e7dc3-a2fe-4f3a-a1ed-883e1555b33e	Centene Medicaid SC Member Cover Letter 2025 (Standard Font)	YES
456e7dc3-a2fe-4f3a-a1ed-883e1555b33e	Centene Medicaid SC Member Cover Letter 2025 (Standard Font)	YES
456e7dc3-a2fe-4f3a-a1ed-883e1555b33e	Centene Medicaid SC Member Cover Letter 2025 (Standard Font)	YES
456e7dc3-a2fe-4f3a-a1ed-883e1555b33e	Centene Medicaid SC Member Cover Letter 2025 (Standard Font)	YES
456e7dc3-a2fe-4f3a-a1ed-883e1555b33e	Centene Medicaid SC Member Cover Letter 2025 (Standard Font)	YES
456e7dc3-a2fe-4f3a-a1ed-883e1555b33e	Centene Medicaid SC Member Cover Letter 2025 (Standard Font)	YES
456e7dc3-a2fe-4f3a-a1ed-883e1555b33e	Centene Medicaid SC Member Cover Letter 2025 (Standard Font)	YES
456e7dc3-a2fe-4f3a-a1ed-883e1555b33e	Centene Medicaid SC Member Cover Letter 2025 (Standard Font)	YES
456e7dc3-a2fe-4f3a-a1ed-883e1555b33e	Centene Medicaid SC Member Cover Letter 2025 (Standard Font)	YES
456e7dc3-a2fe-4f3a-a1ed-883e1555b33e	Centene Medicaid SC Member Cover Letter 2025 (Standard Font)	YES
456e7dc3-a2fe-4f3a-a1ed-883e1555b33e	Centene Medicaid SC Member Cover Letter 2025 (Standard Font)	YES
456e7dc3-a2fe-4f3a-a1ed-883e1555b33e	Centene Medicaid SC Member Cover Letter 2025 (Standard Font)	YES
456e7dc3-a2fe-4f3a-a1ed-883e1555b33e	Centene Medicaid SC Member Cover Letter 2025 (Standard Font)	YES
456e7dc3-a2fe-4f3a-a1ed-883e1555b33e	Centene Medicaid SC Member Cover Letter 2025 (Standard Font)	YES
456e7dc3-a2fe-4f3a-a1ed-883e1555b33e	Centene Medicaid SC Member Cover Letter 2025 (Standard Font)	YES
456e7dc3-a2fe-4f3a-a1ed-883e1555b33e	Centene Medicaid SC Member Cover Letter 2025 (Standard Font)	YES
456e7dc3-a2fe-4f3a-a1ed-883e1555b33e	Centene Medicaid SC Member Cover Letter 2025 (Standard Font)	YES
456e7dc3-a2fe-4f3a-a1ed-883e1555b33e	Centene Medicaid SC Member Cover Letter 2025 (Standard Font)	YES
456e7dc3-a2fe-4f3a-a1ed-883e1555b33e	Centene Medicaid SC Member Cover Letter 2025 (Standard Font)	YES
456e7dc3-a2fe-4f3a-a1ed-883e1555b33e	Centene Medicaid SC Member Cover Letter 2025 (Standard Font)	YES
a3604975-0b5c-4718-8483-4e5a7cfbf257	Centene Medicaid AR Member Cover Letter 2025 (Standard Font)	YES
a3604975-0b5c-4718-8483-4e5a7cfbf257	Centene Medicaid AR Member Cover Letter 2025 (Standard Font)	YES
a3604975-0b5c-4718-8483-4e5a7cfbf257	Centene Medicaid AR Member Cover Letter 2025 (Standard Font)	YES
a3604975-0b5c-4718-8483-4e5a7cfbf257	Centene Medicaid AR Member Cover Letter 2025 (Standard Font)	YES
a3604975-0b5c-4718-8483-4e5a7cfbf257	Centene Medicaid AR Member Cover Letter 2025 (Standard Font)	YES
a3604975-0b5c-4718-8483-4e5a7cfbf257	Centene Medicaid AR Member Cover Letter 2025 (Standard Font)	YES
a3604975-0b5c-4718-8483-4e5a7cfbf257	Centene Medicaid AR Member Cover Letter 2025 (Standard Font)	YES
a3604975-0b5c-4718-8483-4e5a7cfbf257	Centene Medicaid AR Member Cover Letter 2025 (Standard Font)	YES
a3604975-0b5c-4718-8483-4e5a7cfbf257	Centene Medicaid AR Member Cover Letter 2025 (Standard Font)	YES
a3604975-0b5c-4718-8483-4e5a7cfbf257	Centene Medicaid AR Member Cover Letter 2025 (Standard Font)	YES
a3604975-0b5c-4718-8483-4e5a7cfbf257	Centene Medicaid AR Member Cover Letter 2025 (Standard Font)	YES
a3604975-0b5c-4718-8483-4e5a7cfbf257	Centene Medicaid AR Member Cover Letter 2025 (Standard Font)	YES
a3604975-0b5c-4718-8483-4e5a7cfbf257	Centene Medicaid AR Member Cover Letter 2025 (Standard Font)	YES
a3604975-0b5c-4718-8483-4e5a7cfbf257	Centene Medicaid AR Member Cover Letter 2025 (Standard Font)	YES
a3604975-0b5c-4718-8483-4e5a7cfbf257	Centene Medicaid AR Member Cover Letter 2025 (Standard Font)	YES
a3604975-0b5c-4718-8483-4e5a7cfbf257	Centene Medicaid AR Member Cover Letter 2025 (Standard Font)	YES
a3604975-0b5c-4718-8483-4e5a7cfbf257	Centene Medicaid AR Member Cover Letter 2025 (Standard Font)	YES
a3604975-0b5c-4718-8483-4e5a7cfbf257	Centene Medicaid AR Member Cover Letter 2025 (Standard Font)	YES
a3604975-0b5c-4718-8483-4e5a7cfbf257	Centene Medicaid AR Member Cover Letter 2025 (Standard Font)	YES
a3604975-0b5c-4718-8483-4e5a7cfbf257	Centene Medicaid AR Member Cover Letter 2025 (Standard Font)	YES
a3604975-0b5c-4718-8483-4e5a7cfbf257	Centene Medicaid AR Member Cover Letter 2025 (Standard Font)	YES
a3604975-0b5c-4718-8483-4e5a7cfbf257	Centene Medicaid AR Member Cover Letter 2025 (Standard Font)	YES
a3604975-0b5c-4718-8483-4e5a7cfbf257	Centene Medicaid AR Member Cover Letter 2025 (Standard Font)	YES
a3604975-0b5c-4718-8483-4e5a7cfbf257	Centene Medicaid AR Member Cover Letter 2025 (Standard Font)	YES
d5cab980-c5db-47f8-8335-36456eb1e40a	SDL_MTM_english_icare	YES
d5cab980-c5db-47f8-8335-36456eb1e40a	SDL_MTM_english_icare	YES
a2676f1f-9a61-48aa-9aae-1f1ef36b7395	PCP_ADH_QUAL_general	YES
a2676f1f-9a61-48aa-9aae-1f1ef36b7395	PCP_ADH_QUAL_general	YES
bd314601-fefa-4a5c-ad98-76dbacdac53e	CL_HRHC_Cambia_docusend	YES
bd314601-fefa-4a5c-ad98-76dbacdac53e	CL_HRHC_Cambia_docusend	YES
f9067bba-dad2-4b09-bcc5-a6c63a66a054	PA_batch+followup_vnsny	YES
f9067bba-dad2-4b09-bcc5-a6c63a66a054	PA_batch+followup_vnsny	YES
f4998349-a64a-466e-929e-cd66c6d5795f	CL_CMM	YES
f4998349-a64a-466e-929e-cd66c6d5795f	CL_CMM	YES
23ede163-fdd1-4f14-b824-9b5a9d62dc30	CL_MTM_no-address_general	YES
6e05e428-b610-4c96-9d8c-0d68624dde85	TDL_MTM_general	YES
47818919-ee79-4a06-9f38-9ae6b86e778f	CL_MTM_mvp	YES
47818919-ee79-4a06-9f38-9ae6b86e778f	CL_MTM_mvp	YES
314a35e5-3bcd-49bc-9a19-499e090877e0	PCP_QUAL_ADH	YES
314a35e5-3bcd-49bc-9a19-499e090877e0	PCP_QUAL_ADH	YES
a14923c4-3a56-4a4f-ae19-a6c30dbc5244	Centene Medicaid Provider Tips and Recommendations 2025 (Multiple SubOrg / Standard Font)	YES
8e52cf58-b74f-4311-831e-fddd2ca94383	Centene Medicaid GA Member Cover Letter 2025 (Standard Font)	YES
8e52cf58-b74f-4311-831e-fddd2ca94383	Centene Medicaid GA Member Cover Letter 2025 (Standard Font)	YES
8e52cf58-b74f-4311-831e-fddd2ca94383	Centene Medicaid GA Member Cover Letter 2025 (Standard Font)	YES
8e52cf58-b74f-4311-831e-fddd2ca94383	Centene Medicaid GA Member Cover Letter 2025 (Standard Font)	YES
8e52cf58-b74f-4311-831e-fddd2ca94383	Centene Medicaid GA Member Cover Letter 2025 (Standard Font)	YES
8e52cf58-b74f-4311-831e-fddd2ca94383	Centene Medicaid GA Member Cover Letter 2025 (Standard Font)	YES
8e52cf58-b74f-4311-831e-fddd2ca94383	Centene Medicaid GA Member Cover Letter 2025 (Standard Font)	YES
8e52cf58-b74f-4311-831e-fddd2ca94383	Centene Medicaid GA Member Cover Letter 2025 (Standard Font)	YES
8e52cf58-b74f-4311-831e-fddd2ca94383	Centene Medicaid GA Member Cover Letter 2025 (Standard Font)	YES
8e52cf58-b74f-4311-831e-fddd2ca94383	Centene Medicaid GA Member Cover Letter 2025 (Standard Font)	YES
8e52cf58-b74f-4311-831e-fddd2ca94383	Centene Medicaid GA Member Cover Letter 2025 (Standard Font)	YES
8e52cf58-b74f-4311-831e-fddd2ca94383	Centene Medicaid GA Member Cover Letter 2025 (Standard Font)	YES
8e52cf58-b74f-4311-831e-fddd2ca94383	Centene Medicaid GA Member Cover Letter 2025 (Standard Font)	YES
8e52cf58-b74f-4311-831e-fddd2ca94383	Centene Medicaid GA Member Cover Letter 2025 (Standard Font)	YES
8e52cf58-b74f-4311-831e-fddd2ca94383	Centene Medicaid GA Member Cover Letter 2025 (Standard Font)	YES
8e52cf58-b74f-4311-831e-fddd2ca94383	Centene Medicaid GA Member Cover Letter 2025 (Standard Font)	YES
8e52cf58-b74f-4311-831e-fddd2ca94383	Centene Medicaid GA Member Cover Letter 2025 (Standard Font)	YES
8e52cf58-b74f-4311-831e-fddd2ca94383	Centene Medicaid GA Member Cover Letter 2025 (Standard Font)	YES
8e52cf58-b74f-4311-831e-fddd2ca94383	Centene Medicaid GA Member Cover Letter 2025 (Standard Font)	YES
8e52cf58-b74f-4311-831e-fddd2ca94383	Centene Medicaid GA Member Cover Letter 2025 (Standard Font)	YES
8e52cf58-b74f-4311-831e-fddd2ca94383	Centene Medicaid GA Member Cover Letter 2025 (Standard Font)	YES
8e52cf58-b74f-4311-831e-fddd2ca94383	Centene Medicaid GA Member Cover Letter 2025 (Standard Font)	YES
8e52cf58-b74f-4311-831e-fddd2ca94383	Centene Medicaid GA Member Cover Letter 2025 (Standard Font)	YES
8e52cf58-b74f-4311-831e-fddd2ca94383	Centene Medicaid GA Member Cover Letter 2025 (Standard Font)	YES
98e931f7-5604-4da2-ab59-c5aefe968a19	Centene Medicaid OR Com Member Cover Letter 2025 (Standard Font)	YES
98e931f7-5604-4da2-ab59-c5aefe968a19	Centene Medicaid OR Com Member Cover Letter 2025 (Standard Font)	YES
98e931f7-5604-4da2-ab59-c5aefe968a19	Centene Medicaid OR Com Member Cover Letter 2025 (Standard Font)	YES
98e931f7-5604-4da2-ab59-c5aefe968a19	Centene Medicaid OR Com Member Cover Letter 2025 (Standard Font)	YES
98e931f7-5604-4da2-ab59-c5aefe968a19	Centene Medicaid OR Com Member Cover Letter 2025 (Standard Font)	YES
98e931f7-5604-4da2-ab59-c5aefe968a19	Centene Medicaid OR Com Member Cover Letter 2025 (Standard Font)	YES
98e931f7-5604-4da2-ab59-c5aefe968a19	Centene Medicaid OR Com Member Cover Letter 2025 (Standard Font)	YES
98e931f7-5604-4da2-ab59-c5aefe968a19	Centene Medicaid OR Com Member Cover Letter 2025 (Standard Font)	YES
98e931f7-5604-4da2-ab59-c5aefe968a19	Centene Medicaid OR Com Member Cover Letter 2025 (Standard Font)	YES
98e931f7-5604-4da2-ab59-c5aefe968a19	Centene Medicaid OR Com Member Cover Letter 2025 (Standard Font)	YES
98e931f7-5604-4da2-ab59-c5aefe968a19	Centene Medicaid OR Com Member Cover Letter 2025 (Standard Font)	YES
98e931f7-5604-4da2-ab59-c5aefe968a19	Centene Medicaid OR Com Member Cover Letter 2025 (Standard Font)	YES
98e931f7-5604-4da2-ab59-c5aefe968a19	Centene Medicaid OR Com Member Cover Letter 2025 (Standard Font)	YES
98e931f7-5604-4da2-ab59-c5aefe968a19	Centene Medicaid OR Com Member Cover Letter 2025 (Standard Font)	YES
98e931f7-5604-4da2-ab59-c5aefe968a19	Centene Medicaid OR Com Member Cover Letter 2025 (Standard Font)	YES
98e931f7-5604-4da2-ab59-c5aefe968a19	Centene Medicaid OR Com Member Cover Letter 2025 (Standard Font)	YES
98e931f7-5604-4da2-ab59-c5aefe968a19	Centene Medicaid OR Com Member Cover Letter 2025 (Standard Font)	YES
98e931f7-5604-4da2-ab59-c5aefe968a19	Centene Medicaid OR Com Member Cover Letter 2025 (Standard Font)	YES
98e931f7-5604-4da2-ab59-c5aefe968a19	Centene Medicaid OR Com Member Cover Letter 2025 (Standard Font)	YES
98e931f7-5604-4da2-ab59-c5aefe968a19	Centene Medicaid OR Com Member Cover Letter 2025 (Standard Font)	YES
98e931f7-5604-4da2-ab59-c5aefe968a19	Centene Medicaid OR Com Member Cover Letter 2025 (Standard Font)	YES
98e931f7-5604-4da2-ab59-c5aefe968a19	Centene Medicaid OR Com Member Cover Letter 2025 (Standard Font)	YES
98e931f7-5604-4da2-ab59-c5aefe968a19	Centene Medicaid OR Com Member Cover Letter 2025 (Standard Font)	YES
98e931f7-5604-4da2-ab59-c5aefe968a19	Centene Medicaid OR Com Member Cover Letter 2025 (Standard Font)	YES
a8fd3dcc-859b-468b-bd9a-0909ea169a2d	Centene PCP PML Medicaid (Standard Font)	YES
7517a248-e072-4f0e-a8e3-f74cb7c4414e	PCP_QUAL_ADH_AlohaCare	YES
7517a248-e072-4f0e-a8e3-f74cb7c4414e	PCP_QUAL_ADH_AlohaCare	YES
23eea588-4690-4019-9424-a1244129b4dd	PCP_PML_QUAL_Cambia	YES
7c455bf9-eae6-42c2-a881-43d0970569e3	Welcome_MTM_prominence	YES
7c455bf9-eae6-42c2-a881-43d0970569e3	Welcome_MTM_prominence	YES
45769033-e82c-4cf8-8b34-94330f0cf808	demo_cl	YES
ca33127d-fc9b-43ad-9d06-d885536c3ad5	Welcome_MTM_aloha	YES
f9ad8ae2-a6ea-4d95-9a79-e8e13584cec4	Centene Medicaid KY Member Cover Letter 2025 (Standard Font)	YES
f9ad8ae2-a6ea-4d95-9a79-e8e13584cec4	Centene Medicaid KY Member Cover Letter 2025 (Standard Font)	YES
f9ad8ae2-a6ea-4d95-9a79-e8e13584cec4	Centene Medicaid KY Member Cover Letter 2025 (Standard Font)	YES
f9ad8ae2-a6ea-4d95-9a79-e8e13584cec4	Centene Medicaid KY Member Cover Letter 2025 (Standard Font)	YES
f9ad8ae2-a6ea-4d95-9a79-e8e13584cec4	Centene Medicaid KY Member Cover Letter 2025 (Standard Font)	YES
f9ad8ae2-a6ea-4d95-9a79-e8e13584cec4	Centene Medicaid KY Member Cover Letter 2025 (Standard Font)	YES
f9ad8ae2-a6ea-4d95-9a79-e8e13584cec4	Centene Medicaid KY Member Cover Letter 2025 (Standard Font)	YES
f9ad8ae2-a6ea-4d95-9a79-e8e13584cec4	Centene Medicaid KY Member Cover Letter 2025 (Standard Font)	YES
f9ad8ae2-a6ea-4d95-9a79-e8e13584cec4	Centene Medicaid KY Member Cover Letter 2025 (Standard Font)	YES
f9ad8ae2-a6ea-4d95-9a79-e8e13584cec4	Centene Medicaid KY Member Cover Letter 2025 (Standard Font)	YES
f9ad8ae2-a6ea-4d95-9a79-e8e13584cec4	Centene Medicaid KY Member Cover Letter 2025 (Standard Font)	YES
f9ad8ae2-a6ea-4d95-9a79-e8e13584cec4	Centene Medicaid KY Member Cover Letter 2025 (Standard Font)	YES
f9ad8ae2-a6ea-4d95-9a79-e8e13584cec4	Centene Medicaid KY Member Cover Letter 2025 (Standard Font)	YES
f9ad8ae2-a6ea-4d95-9a79-e8e13584cec4	Centene Medicaid KY Member Cover Letter 2025 (Standard Font)	YES
f9ad8ae2-a6ea-4d95-9a79-e8e13584cec4	Centene Medicaid KY Member Cover Letter 2025 (Standard Font)	YES
f9ad8ae2-a6ea-4d95-9a79-e8e13584cec4	Centene Medicaid KY Member Cover Letter 2025 (Standard Font)	YES
f9ad8ae2-a6ea-4d95-9a79-e8e13584cec4	Centene Medicaid KY Member Cover Letter 2025 (Standard Font)	YES
f9ad8ae2-a6ea-4d95-9a79-e8e13584cec4	Centene Medicaid KY Member Cover Letter 2025 (Standard Font)	YES
f9ad8ae2-a6ea-4d95-9a79-e8e13584cec4	Centene Medicaid KY Member Cover Letter 2025 (Standard Font)	YES
f9ad8ae2-a6ea-4d95-9a79-e8e13584cec4	Centene Medicaid KY Member Cover Letter 2025 (Standard Font)	YES
f9ad8ae2-a6ea-4d95-9a79-e8e13584cec4	Centene Medicaid KY Member Cover Letter 2025 (Standard Font)	YES
f9ad8ae2-a6ea-4d95-9a79-e8e13584cec4	Centene Medicaid KY Member Cover Letter 2025 (Standard Font)	YES
f9ad8ae2-a6ea-4d95-9a79-e8e13584cec4	Centene Medicaid KY Member Cover Letter 2025 (Standard Font)	YES
f9ad8ae2-a6ea-4d95-9a79-e8e13584cec4	Centene Medicaid KY Member Cover Letter 2025 (Standard Font)	YES
b169e11a-b02c-4667-9846-1d7c1532c824	Centene Medicare Member DMP Initial Survey 2025 (Multiple SubOrg / Standard Font)	YES
b169e11a-b02c-4667-9846-1d7c1532c824	Centene Medicare Member DMP Initial Survey 2025 (Multiple SubOrg / Standard Font)	YES
eab7a2e6-ecfd-46dc-82f4-7a2980a15085	SCAN_SPC_TMR	YES
eab7a2e6-ecfd-46dc-82f4-7a2980a15085	SCAN_SPC_TMR	YES
e7faf980-d5d5-4a5a-88d6-d8b72acac273	MAP_GRACE	YES
05396295-3e09-460d-88e2-7fbe76742d91	MVP_MTM_PCP_TDL	YES
05396295-3e09-460d-88e2-7fbe76742d91	MVP_MTM_PCP_TDL	YES
c7f027cf-a58b-4203-9f2c-37aea423f70d	Centene Medicaid Member Cover Letter 2025 (Standard Font)	YES
c7f027cf-a58b-4203-9f2c-37aea423f70d	Centene Medicaid Member Cover Letter 2025 (Standard Font)	YES
c7f027cf-a58b-4203-9f2c-37aea423f70d	Centene Medicaid Member Cover Letter 2025 (Standard Font)	YES
c7f027cf-a58b-4203-9f2c-37aea423f70d	Centene Medicaid Member Cover Letter 2025 (Standard Font)	YES
c7f027cf-a58b-4203-9f2c-37aea423f70d	Centene Medicaid Member Cover Letter 2025 (Standard Font)	YES
c7f027cf-a58b-4203-9f2c-37aea423f70d	Centene Medicaid Member Cover Letter 2025 (Standard Font)	YES
c7f027cf-a58b-4203-9f2c-37aea423f70d	Centene Medicaid Member Cover Letter 2025 (Standard Font)	YES
c7f027cf-a58b-4203-9f2c-37aea423f70d	Centene Medicaid Member Cover Letter 2025 (Standard Font)	YES
c7f027cf-a58b-4203-9f2c-37aea423f70d	Centene Medicaid Member Cover Letter 2025 (Standard Font)	YES
c7f027cf-a58b-4203-9f2c-37aea423f70d	Centene Medicaid Member Cover Letter 2025 (Standard Font)	YES
c7f027cf-a58b-4203-9f2c-37aea423f70d	Centene Medicaid Member Cover Letter 2025 (Standard Font)	YES
c7f027cf-a58b-4203-9f2c-37aea423f70d	Centene Medicaid Member Cover Letter 2025 (Standard Font)	YES
c7f027cf-a58b-4203-9f2c-37aea423f70d	Centene Medicaid Member Cover Letter 2025 (Standard Font)	YES
c7f027cf-a58b-4203-9f2c-37aea423f70d	Centene Medicaid Member Cover Letter 2025 (Standard Font)	YES
c7f027cf-a58b-4203-9f2c-37aea423f70d	Centene Medicaid Member Cover Letter 2025 (Standard Font)	YES
c7f027cf-a58b-4203-9f2c-37aea423f70d	Centene Medicaid Member Cover Letter 2025 (Standard Font)	YES
c7f027cf-a58b-4203-9f2c-37aea423f70d	Centene Medicaid Member Cover Letter 2025 (Standard Font)	YES
c7f027cf-a58b-4203-9f2c-37aea423f70d	Centene Medicaid Member Cover Letter 2025 (Standard Font)	YES
c7f027cf-a58b-4203-9f2c-37aea423f70d	Centene Medicaid Member Cover Letter 2025 (Standard Font)	YES
c7f027cf-a58b-4203-9f2c-37aea423f70d	Centene Medicaid Member Cover Letter 2025 (Standard Font)	YES
c7f027cf-a58b-4203-9f2c-37aea423f70d	Centene Medicaid Member Cover Letter 2025 (Standard Font)	YES
c7f027cf-a58b-4203-9f2c-37aea423f70d	Centene Medicaid Member Cover Letter 2025 (Standard Font)	YES
c7f027cf-a58b-4203-9f2c-37aea423f70d	Centene Medicaid Member Cover Letter 2025 (Standard Font)	YES
c7f027cf-a58b-4203-9f2c-37aea423f70d	Centene Medicaid Member Cover Letter 2025 (Standard Font)	YES
39829bd0-37b6-42e2-b7ea-1b636812350b	HRHC_TDL_Cambia_PolyACH_COB_CBP	YES
39829bd0-37b6-42e2-b7ea-1b636812350b	HRHC_TDL_Cambia_PolyACH_COB_CBP	YES
5c05abc6-c3f3-4da1-9851-b501fa076ac3	SDL_MTM_general	YES
5c05abc6-c3f3-4da1-9851-b501fa076ac3	SDL_MTM_general	YES
fab5bf02-a7cb-46ba-98dd-8309d756447b	Centene Medicaid Prescriber Fax Cover Sheet (FL Multiple SubOrg / Standard Font)	YES
b3a91205-0680-4b1f-a621-757cb2b0a768	Centene Medicaid Prescriber Fax Cover Sheet (IA Multiple SubOrg / Standard Font)	YES
6992c279-6cf3-4d37-b327-12e4e3fe4d42	PCP_RDUR	YES
6992c279-6cf3-4d37-b327-12e4e3fe4d42	PCP_RDUR	YES
a4425194-3dd7-45da-a082-acefd037c07c	Centene Medicaid Prescriber Fax Cover Sheet (NE Multiple SubOrg / Standard Font)	YES
dcf85b5f-e03b-4b10-8c19-a2ef894e5e0f	CL_QUAL_Molina	YES
dcf85b5f-e03b-4b10-8c19-a2ef894e5e0f	CL_QUAL_Molina	YES
8ef4736d-30d0-4e4b-ade5-bb580187adcf	Welcome_HRHC_Cambia_DocuSend	YES
7ff4b6b1-5c02-4266-b473-ac86fcefd392	CL_HRHC_Kaiser_DocuSend	YES
7ff4b6b1-5c02-4266-b473-ac86fcefd392	CL_HRHC_Kaiser_DocuSend	YES
a5564f18-2b5d-4b4e-94d5-8a7b16750055	PCP_TDL_MTM_VNS	YES
a5564f18-2b5d-4b4e-94d5-8a7b16750055	PCP_TDL_MTM_VNS	YES
a5564f18-2b5d-4b4e-94d5-8a7b16750055	PCP_TDL_MTM_VNS	YES
a5564f18-2b5d-4b4e-94d5-8a7b16750055	PCP_TDL_MTM_VNS	YES
dbd65b42-5ae6-46bc-abf0-a91debd3e29a	TMR_Fax_Excellus	YES
dbd65b42-5ae6-46bc-abf0-a91debd3e29a	TMR_Fax_Excellus	YES
acc4ffdc-91f2-432e-a305-6cfc829de009	Provider_Fax_Cover_Letter_Priority_Health	YES
dfb84152-aef4-4c64-b1ab-469bef712031	PCP_QUAL_ADH_ccama	YES
dfb84152-aef4-4c64-b1ab-469bef712031	PCP_QUAL_ADH_ccama	YES
9dabfc27-255d-4432-bfd5-7152f2107468	DMP Alternative Second Notice (ESI 2025 / Standard Footer)	YES
9dabfc27-255d-4432-bfd5-7152f2107468	DMP Alternative Second Notice (ESI 2025 / Standard Footer)	YES
0fc2170a-12f7-489b-8571-7df49dfb0da0	Centene Medicaid Prescriber Fax Cover Sheet (WA Multiple SubOrg / Standard Font)	YES
1c1d3ace-4673-4fc5-8588-bad9e7c8d792	PCP_MTM_CMM	YES
1c1d3ace-4673-4fc5-8588-bad9e7c8d792	PCP_MTM_CMM	YES
ae5df02e-2b09-4633-bf5b-1483c50456e4	Centene Medicaid IN Member Personal Medication List 2025 (Standard Font)	YES
90ec2456-4e5d-4dc7-944c-8ba5315fa0d1	MTM_SDL_IEHP_Large_Font_Enabled	YES
90ec2456-4e5d-4dc7-944c-8ba5315fa0d1	MTM_SDL_IEHP_Large_Font_Enabled	YES
1ce612db-5983-4dfb-992a-2cd6bed6add9	BCBSNC_MAP_QUAL	YES
1ce612db-5983-4dfb-992a-2cd6bed6add9	BCBSNC_MAP_QUAL	YES
f8269c20-3d04-4e01-846f-ecf1879e6246	IEHP_SUPD	YES
f8269c20-3d04-4e01-846f-ecf1879e6246	IEHP_SUPD	YES
15c38467-ba1d-4bbc-87fe-20ea99569844	CL_MTM_Priority_Health_FS_2663	YES
15c38467-ba1d-4bbc-87fe-20ea99569844	CL_MTM_Priority_Health_FS_2663	YES
e804c554-f67a-4692-b456-ebf604a06924	CL_HRHC_VivaHealth	YES
e804c554-f67a-4692-b456-ebf604a06924	CL_HRHC_VivaHealth	YES
2cc8d90c-9576-46a0-bf9c-c9f8c2220fd5	Centene PCP PML Medicare (Standard Font)	YES
5d196f94-f145-465f-85d5-b0e7aa5a78e7	Welcome_MTM_general	YES
058b0467-97c6-4b89-9f07-ceee8ecc0604	Centene Medicare Member To-Do List 2025 (Multiple SubOrg / Standard Font)	YES
1073d4e4-1c81-4af6-a363-926f27f803a0	PML_HRHC_general	YES
1073d4e4-1c81-4af6-a363-926f27f803a0	PML_HRHC_general	YES
bc3133e1-1627-44ca-acb7-35a42164818f	CL_MTM_general	YES
bc3133e1-1627-44ca-acb7-35a42164818f	CL_MTM_general	YES
d557a2db-9265-4e18-9114-1ff3b6639fe8	DMP Alternate Second Notice (ESI 2025 / Tall Footer)	YES
d557a2db-9265-4e18-9114-1ff3b6639fe8	DMP Alternate Second Notice (ESI 2025 / Tall Footer)	YES
26163de9-6651-49e7-9870-dabc74ff578d	Centene Medicaid Alternative Font Member Cover Letter 2025 (Standard Font)	YES
26163de9-6651-49e7-9870-dabc74ff578d	Centene Medicaid Alternative Font Member Cover Letter 2025 (Standard Font)	YES
26163de9-6651-49e7-9870-dabc74ff578d	Centene Medicaid Alternative Font Member Cover Letter 2025 (Standard Font)	YES
26163de9-6651-49e7-9870-dabc74ff578d	Centene Medicaid Alternative Font Member Cover Letter 2025 (Standard Font)	YES
26163de9-6651-49e7-9870-dabc74ff578d	Centene Medicaid Alternative Font Member Cover Letter 2025 (Standard Font)	YES
26163de9-6651-49e7-9870-dabc74ff578d	Centene Medicaid Alternative Font Member Cover Letter 2025 (Standard Font)	YES
26163de9-6651-49e7-9870-dabc74ff578d	Centene Medicaid Alternative Font Member Cover Letter 2025 (Standard Font)	YES
26163de9-6651-49e7-9870-dabc74ff578d	Centene Medicaid Alternative Font Member Cover Letter 2025 (Standard Font)	YES
26163de9-6651-49e7-9870-dabc74ff578d	Centene Medicaid Alternative Font Member Cover Letter 2025 (Standard Font)	YES
26163de9-6651-49e7-9870-dabc74ff578d	Centene Medicaid Alternative Font Member Cover Letter 2025 (Standard Font)	YES
26163de9-6651-49e7-9870-dabc74ff578d	Centene Medicaid Alternative Font Member Cover Letter 2025 (Standard Font)	YES
26163de9-6651-49e7-9870-dabc74ff578d	Centene Medicaid Alternative Font Member Cover Letter 2025 (Standard Font)	YES
26163de9-6651-49e7-9870-dabc74ff578d	Centene Medicaid Alternative Font Member Cover Letter 2025 (Standard Font)	YES
26163de9-6651-49e7-9870-dabc74ff578d	Centene Medicaid Alternative Font Member Cover Letter 2025 (Standard Font)	YES
26163de9-6651-49e7-9870-dabc74ff578d	Centene Medicaid Alternative Font Member Cover Letter 2025 (Standard Font)	YES
26163de9-6651-49e7-9870-dabc74ff578d	Centene Medicaid Alternative Font Member Cover Letter 2025 (Standard Font)	YES
26163de9-6651-49e7-9870-dabc74ff578d	Centene Medicaid Alternative Font Member Cover Letter 2025 (Standard Font)	YES
26163de9-6651-49e7-9870-dabc74ff578d	Centene Medicaid Alternative Font Member Cover Letter 2025 (Standard Font)	YES
26163de9-6651-49e7-9870-dabc74ff578d	Centene Medicaid Alternative Font Member Cover Letter 2025 (Standard Font)	YES
26163de9-6651-49e7-9870-dabc74ff578d	Centene Medicaid Alternative Font Member Cover Letter 2025 (Standard Font)	YES
26163de9-6651-49e7-9870-dabc74ff578d	Centene Medicaid Alternative Font Member Cover Letter 2025 (Standard Font)	YES
26163de9-6651-49e7-9870-dabc74ff578d	Centene Medicaid Alternative Font Member Cover Letter 2025 (Standard Font)	YES
26163de9-6651-49e7-9870-dabc74ff578d	Centene Medicaid Alternative Font Member Cover Letter 2025 (Standard Font)	YES
26163de9-6651-49e7-9870-dabc74ff578d	Centene Medicaid Alternative Font Member Cover Letter 2025 (Standard Font)	YES
5bbe6bb4-0a79-4f93-bbe7-86f243dc1ba9	PCP_TMR_MTM_Cambia	YES
5bbe6bb4-0a79-4f93-bbe7-86f243dc1ba9	PCP_TMR_MTM_Cambia	YES
6de2f682-6540-48a8-84c2-2ee6334cac7f	PCP_QUAL_ADH_general	YES
6de2f682-6540-48a8-84c2-2ee6334cac7f	PCP_QUAL_ADH_general	YES
079242fc-71fb-4912-94f6-f8c68d8f38fd	Centene Medicaid Member Personal Medication List 2025 (Standard Font)	YES
68fecffc-6a2c-46c9-b14d-46f537cb501c	PCP_PML_VNS	YES
68fecffc-6a2c-46c9-b14d-46f537cb501c	PCP_PML_VNS	YES
1634af88-cd62-4c94-8488-f6e96c9cbd3f	PCP_ADH_Quality_Excellus_Priority	YES
1634af88-cd62-4c94-8488-f6e96c9cbd3f	PCP_ADH_Quality_Excellus_Priority	YES
2b14b354-f53d-487b-ae71-3a0733b019cb	Centene Medicare Member DMP Pharmacy and Provider Selection Form 2025 (Multiple SubOrg / Standard Font)	YES
2b14b354-f53d-487b-ae71-3a0733b019cb	Centene Medicare Member DMP Pharmacy and Provider Selection Form 2025 (Multiple SubOrg / Standard Font)	YES
5ce866a6-008a-4722-9c93-fce6cbb8fd53	Centene Medicare Member Cover Letter 2025 (Multiple SubOrg / Standard Font)	YES
5ce866a6-008a-4722-9c93-fce6cbb8fd53	Centene Medicare Member Cover Letter 2025 (Multiple SubOrg / Standard Font)	YES
5ce866a6-008a-4722-9c93-fce6cbb8fd53	Centene Medicare Member Cover Letter 2025 (Multiple SubOrg / Standard Font)	YES
5ce866a6-008a-4722-9c93-fce6cbb8fd53	Centene Medicare Member Cover Letter 2025 (Multiple SubOrg / Standard Font)	YES
4958af6c-5427-4f5c-8696-4219850b930a	PCP_QUAL_ADH_VNS	YES
4958af6c-5427-4f5c-8696-4219850b930a	PCP_QUAL_ADH_VNS	YES
ad605c0a-fe90-49d3-b220-38d3695d00b2	MTM_Welcome_IEHP_Large_Font_Enabled	YES
ad605c0a-fe90-49d3-b220-38d3695d00b2	MTM_Welcome_IEHP_Large_Font_Enabled	YES
c3dae09c-f790-4691-8e40-9558052b7eea	DMP Initial Notice (ESI 2025 / Tall Footer)	YES
c3dae09c-f790-4691-8e40-9558052b7eea	DMP Initial Notice (ESI 2025 / Tall Footer)	YES
dde75d02-fdab-4e2a-bf68-dce4c47b5cb7	Welcome_MTM_vns	YES
dde75d02-fdab-4e2a-bf68-dce4c47b5cb7	Welcome_MTM_vns	YES
3a8baccc-eece-487d-8a90-fb2b3d0d2fe8	PCP_TMR_MVP_HEALTH	YES
3a8baccc-eece-487d-8a90-fb2b3d0d2fe8	PCP_TMR_MVP_HEALTH	YES
6e58ca26-38bd-464a-a7cd-e5f2109e218c	Centene Cosign Blank Placeholder 2025 (Multiple SubOrg / Standard Font)	YES
7d756c70-d2ec-4ff0-b9f3-3767d70fe78b	Centene Commercial Provider Tips and Recommendations 2025 (Multiple SubOrg / Standard Font)	YES
3a774bbe-978f-444a-9a3e-7ff24ce726ae	MTM_Welcome_IEHP	YES
3a774bbe-978f-444a-9a3e-7ff24ce726ae	MTM_Welcome_IEHP	YES
e7dfe8f8-4f24-4810-a030-ca7db1c4c3d0	Centene Medicaid Prescriber Fax Cover Sheet (NJ Multiple SubOrg / Standard Font)	YES
c881d2d3-1a72-4315-a571-b03c1f042edb	PCP_QUAL_ADH IEHP	YES
c881d2d3-1a72-4315-a571-b03c1f042edb	PCP_QUAL_ADH IEHP	YES
99bbf1d1-0888-40a2-a6ef-9bb993579684	Centene Member TMR Marketplace (Standard Font)	YES
99bbf1d1-0888-40a2-a6ef-9bb993579684	Centene Member TMR Marketplace (Standard Font)	YES
99bbf1d1-0888-40a2-a6ef-9bb993579684	Centene Member TMR Marketplace (Standard Font)	YES
99bbf1d1-0888-40a2-a6ef-9bb993579684	Centene Member TMR Marketplace (Standard Font)	YES
99bbf1d1-0888-40a2-a6ef-9bb993579684	Centene Member TMR Marketplace (Standard Font)	YES
24808b0a-e87a-4825-a503-d627a55e66a0	Giulio_PA_Columns	NO
bac2bcde-c30c-4a5e-a3f7-cd16a542a0e7	PA_batch+followup_ADAP_PA	NO
ac947eef-e39b-40b6-9a04-84cd8d384d8a	BSC_SPC_TMR	NO
22296bbd-5fc8-4551-9e0a-14ec9ffbb023	MTM Opt-Out Priority	NO
557f0fc9-1cf6-4481-aea5-5d6b806417ef	PA_batch+followup_SelectHealth	NO
2091da93-10f7-4046-8cc0-0b78899d2ca7	PML	NO
3de8199f-f909-4b46-86ad-510aa7b1d1a1	PCP_MRP_GRACE_general	NO
5a8320af-e14f-4205-b258-578e67c8ccdf	PA_batch+followup_Magellan_PHP	NO
db1c06ef-d7b1-4048-87c6-a76ad6218fb0	dont_use	NO
a759d768-51bd-49d2-a3ee-7ec697b9403f	PA_batch+followup_ElderPlan	NO
a75d04f5-15a1-478e-9a98-c505e1cdfad1	PML_GRACE	NO
abe4d44d-766d-4c06-b6cf-e82ac8940c98	PCP_ADH_Quality_BCBSM	NO
1e3785a2-a8c9-4425-aacb-61ee40b543a4	PA_batch+followup_ADAP_ID	NO
2c107c34-ad60-47b2-a66c-501c10e9ae56	PA_batch+followup_CareOregon	NO
6860ed9c-11bd-450c-8521-a62fd20a02de	PA_batch+followup_Molina	NO
f4bef20f-ccd8-47fb-8fe4-e82a2bbb21cd	PA_batch+followup_ADAP_CT	NO
44c0e02c-4d27-406e-b98c-b5389a4fe1a5	PA_batch+followup_VillageMD	NO
0c921b20-321b-4167-89cc-bdde5da36c24	care_plan_patient_letter	NO
a1db6c1c-2087-45eb-96f0-3063ca39e991	Alohacare_PA_cover_letter	NO
8c9582c4-11bc-4f43-b37f-5bc59d169e1a	CMM_PML_PPOK_Arine	NO
42c09b37-e538-44b7-b5bf-dd610cc587b7	PA_batch+followup_HealthFirst_POLY	NO
4dcb4b27-b456-4684-bd31-02bc29c9b14c	PA_batch+followup_Viva	NO
5eabeada-65d0-46bb-8af9-87b9a9e72ba2	PCP_ADH_QUAL_HEALTHFIRST	NO
75d2992c-e186-4419-8288-8507b1a81025	PA_batch+followup_MI	NO
dc832c29-6e82-447d-9fe1-242cabd39058	jmac_test	NO
b0e53476-2f55-42e6-8f66-833b52926a33	BSC_SUPD_TMR	NO
25bffac9-fe3e-4cd2-97d4-1bd19a27a469	PCP_TOC	NO
07c8ce7e-f3d2-4f8a-ab5e-4c9bf6b81234	PCP_QUAL_ADH_HEALTHFIRST	NO
dba78273-c7fe-4146-9a0c-24178820a9b7	PA_batch+followup_BCBSVT	NO
42becb79-b663-4a6c-a068-053bde077de2	PCP_QUAL_ADH_Quality_CareOregon	NO
e2563980-6e21-4c8c-a301-e0bab7eb71cb	PH_SUPD_TMR	NO
d158f82d-3aa9-4a3a-9b7d-46b95e14fd00	PML_CMM	NO
00b7b98d-c676-4eb8-8cf9-c2fe470e9c1a	PCP_TDL_GRACE_general	NO
b5d70611-b1a9-42eb-a46f-4f9966f2b584	Mozhi_generator_test	NO
ee92b983-0247-4f37-9c04-8bef1bf9e5f1	PCP_QUAL_ADH_Quality_BCBSM	NO
f72ec609-4e92-4221-9d0e-ad354bec0038	PA_batch+followup_HealthFirst	NO
